key	prez_2008	prez_2004	prez_2000	prez_1996	prez_1992	rank	circ	daily	sun	lat	lng	st	city	paper
Portsmouth Herald	Obama		Gore	Clinton								NH	Portsmouth	Portsmouth Herald
Nashville Tennessean				Clinton								TN	Nashville	Nashville Tennessean
Yankton Daily Press and Dakotan				Dole								SD	Yankton	Yankton Daily Press and Dakotan
Eagle	Obama											TX	Bryan	Eagle
Fort Collins Coloradoan	Obama		Gore									CO	Fort Collins	Fort Collins Coloradoan
Times Record News	McCain	none										TX	Wichita Falls	Times Record News
LaCrosse Tribune	Obama											WI	LaCrosse	LaCrosse Tribune
Manhattan Mercury				Dole								KS	Manhattan	Manhattan Mercury
Martinsville Daily Reporter				Dole								IN	Martinsville	Martinsville Daily Reporter
San Angelo Standard-Times	Obama		Bush									TX	San Angelo	San Angelo Standard-Times
Hopkinsville Kentucky New Era				Dole								KY	Hopkinsville	Hopkinsville Kentucky New Era
Rochester Democrat and Chronicle	Obama		Gore									NY	Rochester	Rochester Democrat and Chronicle
Honolulu Advertiser		Kerry	Gore	Clinton								HI	Honolulu	Honolulu Advertiser
Akron Beacon-Journal	Obama	Kerry	Gore									OH	Akron	Akron Beacon-Journal
Statesman-Journal	Obama	Kerry	Gore	Clinton								OR	Salem	Statesman-Journal
Star-Tribune		Kerry										MN	Minneapolis	Star-Tribune
Register-Guard	Obama	Kerry	Gore									OR	Eugene	Register-Guard
Manchester Union Leader				Dole								NH	Manchester	Manchester Union Leader
Post-Crescent			Gore									WI	Appleton	Post-Crescent
Investors Business Daily			Bush									CA	Los Angeles	Investors Business Daily
Liberal Southwest Daily Times				Dole								KS	Liberal	Liberal Southwest Daily Times
Cullman Times				Dole								AL	Cullman	Cullman Times
Hays Daily News	Obama											KS	Hays	Hays Daily News
Sullivan Daily Times				Clinton								IN	Sullivan	Sullivan Daily Times
News-Sentinel			Bush									IN	Fort Wayne	News-Sentinel
Metrowest Daily News			Gore									MA	Framingham	Metrowest Daily News
Patriot-News			Bush									PA	Harrisburg	Patriot-News
Quad-City Times	Obama		Bush									IA	Davenport	Quad-City Times
Orlando Sentinel	Obama	Kerry	Bush									FL	Orlando	Orlando Sentinel
Arizona Daily Star		Kerry	Gore	Clinton								AZ	Tucson	Arizona Daily Star
Berkshire Eagle	Obama		Gore									MA	Pittsfield	Berkshire Eagle
Centralia Chronicle				Dole								WA	Centralia	Centralia Chronicle
Repository	Obama	Bush	Bush									OH	Canton	Repository
Mason City Globe Gazette	Obama	Bush										IA	Mason City	Mason City Globe Gazette
Chronicle	McCain											WA	Centralia	Chronicle
Wooster Daily Record				Dole								OH	Wooster	Wooster Daily Record
Boca Raton News			Gore									FL	Boca Raton	Boca Raton News
New York Observer				Dole								NY	New York	New York Observer
Lawrence Journal-World				Dole								KS	Lawrence	Lawrence Journal-World
Tuscaloosa News	Obama	Kerry	Gore									AL	Tuscaloosa	Tuscaloosa News
Free Lance-Star			Bush									VA	Fredericksburg	Free Lance-Star
Ithaca Journal			Gore									NY	Ithaca	Ithaca Journal
St. Johnsbury Caledonian-Record				Dole								VT	St. Johnsbury	St. Johnsbury Caledonian-Record
Huntington Herald-Dispatch	Obama	Kerry										WV	Huntington	Huntington Herald-Dispatch
Palatka Daily News	McCain											FL	Palatka	Palatka Daily News
Iowa City Press-Citizen			Gore									IA	Iowa City	Iowa City Press-Citizen
Patriot Ledger			Bush									MA	Quincy	Patriot Ledger
Intelligencer Journal	Obama											PA	Lancaster	Intelligencer Journal
Alliance Review				Dole								OH	Alliance	Alliance Review
Daily Reflector	Obama	Kerry										NC	Greenville	Daily Reflector
Marietta Times			Bush									OH	Marietta	Marietta Times
Buffalo News	Obama	Kerry	Gore									NY	Buffalo	Buffalo News
Clinton Herald				Dole								IA	Clinton	Clinton Herald
Spokesman-Review			Bush	Dole								WA	Spokane	Spokesman-Review
Daily Southtown			Gore									IL	Tinley Park	Daily Southtown
Star-Ledger	Obama	Kerry	Gore	Clinton								NJ	Newark	Star-Ledger
Elko Daily Free Press	McCain			Dole								NV	Elko	Elko Daily Free Press
Aspen Daily News	Obama	Kerry										CO	Aspen	Aspen Daily News
Willoughby News-Herald				Dole								OH	Willoughby	Willoughby News-Herald
Kalamazoo Gazette			Bush									MI	Kalamazoo	Kalamazoo Gazette
Asbury Park Press	Obama	Bush	Bush	Clinton								NJ	Neptune	Asbury Park Press
Press-Enterprise		Bush	Bush									CA	Riverside	Press-Enterprise
McPherson Sentinel				Dole								KS	McPherson	McPherson Sentinel
Charlotte Observer	Obama	Kerry	Gore	Clinton								NC	Charlotte	Charlotte Observer
Daily Times-Call	McCain	Bush										CO	Longmont	Daily Times-Call
Santa Fe New Mexican	Obama	Kerry		Clinton								NM	Santa Fe	Santa Fe New Mexican
Tulsa World		Bush	Bush	Dole								OK	Tulsa	Tulsa World
Sacramento Bee	Obama	Kerry	Gore	Clinton								CA	Sacramento	Sacramento Bee
Green Bay News Chronicle				Clinton								WI	Green Bay	Green Bay News Chronicle
Bradenton Herald	McCain	Kerry	Bush									FL	Bradenton	Bradenton Herald
Baltimore Sun	Obama											MD	Baltimore	Baltimore Sun
Wyoming Tribune-Eagle			Bush									WY	Cheyenne	Wyoming Tribune-Eagle
Claremont Eagle Times	McCain											NH	Claremont	Claremont Eagle Times
Knoxville News-Sentinel	McCain		Bush	Dole								TN	Knoxville	Knoxville News-Sentinel
Courier-Journal		Kerry	Gore									KY	Louisville	Courier-Journal
Gillette News-Record				Dole								WY	Gillette	Gillette News-Record
State Journal-Register			Bush									IL	Springfield	State Journal-Register
Connecticut Post			Bush	Dole								CT	Bridgeport	Connecticut Post
Record (Stockton)	Obama	Bush	Bush									CA	Stockton	Record (Stockton)
Palladium-Item	Obama	Bush										IN	Richmond	Palladium-Item
Albany Times-Union	Obama											NY	Albany	Albany Times-Union
Wall Street Journal												NY	New York	Wall Street Journal
Michigan Chronicle	Obama	none										MI	Detroit	Michigan Chronicle
Hollister Free Lance				Clinton								CA	Hollister	Hollister Free Lance
Contra Costa Times	Obama	Kerry	Bush									CA	Walnut Creek	Contra Costa Times
Springfield News-Sun	Obama	Kerry										OH	Springfield	Springfield News-Sun
Messenger	McCain	Bush										IA	Fort Dodge	Messenger
Daily Review	Obama	Kerry										CA	Hayward	Daily Review
Daily Sentinel	McCain	Bush	Bush									CO	Grand Junction	Daily Sentinel
Dispatch			Bush									IL	Moline	Dispatch
Desert Sun	McCain		Bush									CA	Palm Springs	Desert Sun
Chicago Tribune	Obama	Bush	Bush	Dole								IL	Chicago	Chicago Tribune
Marin Independent-Journal	Obama	Kerry	Gore									CA	Marin County	Marin Independent-Journal
Columbia State				Dole								SC	Columbia	Columbia State
Commercial Appeal	Obama	Kerry	Bush	Dole								TN	Memphis	Commercial Appeal
Blackwell Journal-Tribune				Dole								OK	Blackwell	Blackwell Journal-Tribune
High Point Enterprise			Bush									NC	High Point	High Point Enterprise
Emporia Gazette			Gore									KS	Emporia	Emporia Gazette
Oklahoman	McCain	Bush										OK	Oklahoma City	Oklahoman
Midland Reporter-Telegram				Dole								TX	Midland	Midland Reporter-Telegram
Ann Arbor News			Bush									MI	Ann Arbor	Ann Arbor News
Paris News				Dole								TX	Paris	Paris News
San Jose Mercury News	Obama	Kerry	Gore	Clinton								CA	San Jose	San Jose Mercury News
Beaver County Times			Gore									PA	Beaver County	Beaver County Times
el Diario	Obama	Kerry										NY	New York	el Diario
Ocala Star-Banner			Gore									FL	Ocala	Ocala Star-Banner
Milwaukee Journal Sentinel	Obama			Dole								WI	Milwaukee	Milwaukee Journal Sentinel
Rockford Register Star	Obama	Kerry	Bush									IL	Rockford	Rockford Register Star
Dalhart Daily Texan				Dole								TX	Dalhart	Dalhart Daily Texan
Muskogee Daily Phoenix	Obama	Kerry	Bush									OK	Muskogee	Muskogee Daily Phoenix
Dayton Daily News	Obama	Kerry	Gore	Clinton								OH	Dayton	Dayton Daily News
Spartanburg Herald-Journal	McCain											SC	Spartanburg	Spartanburg Herald-Journal
Traverse City Record-Eagle				Clinton								MI	Traverse City	Traverse City Record-Eagle
Gainesville Sun			Gore									FL	Gainesville	Gainesville Sun
Norwalk Reflector				Clinton								OH	Norwalk	Norwalk Reflector
Napa Valley Register	McCain	Bush										CA	Napa	Napa Valley Register
Amarillo Globe-News	McCain	Bush										TX	Amarillo	Amarillo Globe-News
West Chester Daily Local News				Dole								PA	West Chester	West Chester Daily Local News
Kerrville Daily Times	McCain			Dole								TX	Kerrville	Kerrville Daily Times
Salem Evening News			Gore									MA	Salem	Salem Evening News
Grand Forks Herald			Gore									ND	Grand Forks	Grand Forks Herald
Galveston County Daily News	McCain		Bush									TX	Galveston	Galveston County Daily News
Union News				Clinton								MA	Springfield	Union News
Daily News Record	McCain		Bush									VA	Harrisonburg	Daily News Record
Mitchell Daily Republic				Dole								SD	Mitchell	Mitchell Daily Republic
Shenandoah Valley News Today				Dole								IA	Shenandoah Valley	Shenandoah Valley News Today
Saginaw News	Obama											MI	Saginaw	Saginaw News
Nashville Banner				Clinton								TN	Nashville	Nashville Banner
Daytona Beach News-Journal	Obama	Kerry		Clinton								FL	Daytona Beach	Daytona Beach News-Journal
Bennington Banner	Obama											VT	Bennington	Bennington Banner
Ledger			Bush									FL	Lakeland	Ledger
Hayward Daily Review				Clinton								CA	Hayward	Hayward Daily Review
Madison Capital Times				Clinton								WI	Madison	Madison Capital Times
Pawtucket Times				Dole								RI	Pawtucket	Pawtucket Times
Bowling Green Daily News	McCain											KY	Bowling Green	Bowling Green Daily News
Taunton Daily Gazette				Clinton								MA	Taunton	Taunton Daily Gazette
New Orleans Times-Picayune		N/A										LA	New Orleans	New Orleans Times-Picayune
Hutchinson News			Gore	Dole								KS	Hutchinson	Hutchinson News
Albuquerque Journal			Bush	Dole								NM	Albuquerque	Albuquerque Journal
Ardmore Daily Ardmoreite				Dole								OK	Ardmore	Ardmore Daily Ardmoreite
New York Times	Obama	Kerry	Gore	Clinton								NY	New York	New York Times
Chicago Sun-Times	Obama	Kerry	Bush	Clinton								IL	Chicago	Chicago Sun-Times
Quincy Herald-Whig			Bush									IL	Quincy	Quincy Herald-Whig
Ventura County Star			Bush	Dole								CA	Ventura	Ventura County Star
San Francisco Chronicle	Obama	Kerry	Gore									CA	San Francisco	San Francisco Chronicle
South Bend Tribune				Clinton								IN	South Bend	South Bend Tribune
Coos Bay World				Dole								OR	Coos Bay	Coos Bay World
Lakeland Ledger	Obama	Bush										FL	Lakeland	Lakeland Ledger
Marietta Daily Journal			Bush									GA	Marietta	Marietta Daily Journal
Southwest Times			Bush									VA	Pulaski	Southwest Times
Belleville News-Democrat				Dole								IL	Belleville	Belleville News-Democrat
Thomasville Times-Enterprise				Dole								GA	Thomasville	Thomasville Times-Enterprise
Sarasota Herald-Tribune	Obama	Kerry	Gore									FL	Sarasota	Sarasota Herald-Tribune
Gloucester County Times	Obama											NJ	Woodbury	Gloucester County Times
Lexington Herald-Leader	Obama	Kerry	Gore									KY	Lexington	Lexington Herald-Leader
Long Beach Press Telegram	Obama	Bush										CA	Long Beach	Long Beach Press Telegram
News-Press			Bush									FL	Fort Myers	News-Press
Columbia Daily Tribune	Obama	Kerry	Bush	Dole								MO	Columbia	Columbia Daily Tribune
Talladega Daily Home				Clinton								AL	Talladega	Talladega Daily Home
Columbian	Obama	Bush	Bush									WA	Vancouver	Columbian
Item			Bush									SC	Sumter	Item
Grand Island Independent				Dole								NE	Grand Island	Grand Island Independent
Ridgecrest Daily Independent				Dole								CA	Ridgecrest	Ridgecrest Daily Independent
Daily Star	Obama	Kerry	Gore									NY	Oneonta	Daily Star
Bremerion Sun				Dole								WA	Bremerion	Bremerion Sun
Lynchburg News-Advance	McCain											VA	Lynchburg	Lynchburg News-Advance
Muskogee Phoenix												OK	Muskogee	Muskogee Phoenix
Houston Chronicle	Obama	Bush	Bush	Dole								TX	Houston	Houston Chronicle
Washington DC Examiner	McCain	none										DC	Washington	Washington DC Examiner
Bay City News	Obama											MI	Bay City	Bay City News
Des Moines Register	Obama	Kerry	Gore	Clinton								IA	Des Moines	Des Moines Register
Star Tribune			Gore									MN	Minneapolis	Star Tribune
Bulletin			Bush									OR	Bend	Bulletin
Ashland Daily Tidings	Obama			Clinton								OR	Ashland	Ashland Daily Tidings
Inland Valley Daily Bulletin	Obama	Bush		Dole								CA	Ontario	Inland Valley Daily Bulletin
Florence Times Daily	Obama											AL	Florence	Florence Times Daily
Tri-City Herald	Obama	Kerry	Bush									WA	Kennewick	Tri-City Herald
Democrat & Chronicle												NY	Rochester	Democrat & Chronicle
North Adams Transcript	Obama											MA	North Adams	North Adams Transcript
Fort Worth Star-Telegram	Obama	Bush	Bush	Dole								TX	Fort Worth	Fort Worth Star-Telegram
Charleston Gazette	Obama	Kerry	Gore	Clinton								WV	Charleston	Charleston Gazette
Columbus Dispatch	McCain	Bush	Bush	Dole								OH	Columbus	Columbus Dispatch
Pantagraph	Obama	Bush	Bush									IL	Bloomington	Pantagraph
Cumberland Times-News				Dole								MD	Cumberland	Cumberland Times-News
Rutland Herald			Gore									VT	Rutland	Rutland Herald
Standard-Times	Obama	Kerry										MA	New Bedford	Standard-Times
Bartlesville Examiner-Enterprise	McCain											OK	Bartlesville	Bartlesville Examiner-Enterprise
Moberly Monitor-Index				Clinton								MO	Moberly	Moberly Monitor-Index
Hickory Daily Record			Bush									NC	Hickory	Hickory Daily Record
Whittier Daily News			Bush									CA	Whittier	Whittier Daily News
Daily Item	Obama	none										PA	Sunbury	Daily Item
Lincoln Journal-Star	McCain		Bush									NE	Lincoln	Lincoln Journal-Star
North Platte Telegraph			Bush									NE	North Platte	North Platte Telegraph
Palm Beach Post	Obama	Kerry	Gore	Clinton								FL	West Palm Beach	Palm Beach Post
Jacksonville Journal-Courier				Dole								IL	Jacksonville	Jacksonville Journal-Courier
Cincinnati Enquirer	McCain	Bush	Bush	Dole								OH	Cincinnati	Cincinnati Enquirer
Washington Times			Bush	Dole								DC	Washington	Washington Times
(Stockton) Record		Bush										CA	Stockton	(Stockton) Record
Sioux City Journal	McCain											IA	Sioux City	Sioux City Journal
Morning Star			Gore									NC	Wilmington	Morning Star
Salt Lake Tribune	Obama	Bush										UT	Salt Lake City	Salt Lake Tribune
Post and Courier			Bush									SC	Charleston	Post and Courier
Roanoke Times			Gore									VA	Roanoke	Roanoke Times
Gainesville Daily Register				Dole								TX	Gainesville	Gainesville Daily Register
St. Petersburg Times	Obama	Kerry	Gore									FL	St. Petersburg	St. Petersburg Times
Philadelphia Inquirer	Obama	Kerry	Gore	Clinton								PA	Philadelphia	Philadelphia Inquirer
Athens Daily News				Dole								GA	Athens	Athens Daily News
Las Vegas Sun	Obama	Kerry	Gore	Clinton								NV	Las Vegas	Las Vegas Sun
Richmond Times-Dispach												VA	Richmond	Richmond Times-Dispach
Paris Post Intelligencer				Clinton								TN	Paris	Paris Post Intelligencer
San Diego Union-Tribune	McCain	Bush	Bush									CA	San Diego	San Diego Union-Tribune
Journal	McCain	Bush										MN	New Ulm	Journal
Sun (Lowell)	McCain	Bush	Bush									MA	Lowell	Sun (Lowell)
Evansville Courier and Press			Bush	Dole								IN	Evansville	Evansville Courier and Press
Elk City Daily News				Clinton								OK	Elk City	Elk City Daily News
Galesburg Register-Mail	Obama											IL	Galesburg	Galesburg Register-Mail
Mobile Register			Bush									AL	Mobile	Mobile Register
Wilkes-Barre Citizens' Voice				Clinton								PA	Wilkes-Barre	Wilkes-Barre Citizens' Voice
Virginian Pilot												VA	Norfolk	Virginian Pilot
Las Vegas Review-Journal	McCain	Bush	Bush	Dole								NV	Las Vegas	Las Vegas Review-Journal
Southwest Times Record			Bush									AR	Fort Smith	Southwest Times Record
Red Wing Republican Eagle				Dole								MN	Red Wing	Red Wing Republican Eagle
St. Cloud Times	Obama	Kerry										MN	St. Cloud	St. Cloud Times
Blade	Obama	Kerry	Gore									OH	Toledo	Blade
Capital Times	Obama	Kerry	Gore									WI	Madison	Capital Times
Kansas City Star	Obama	Kerry	Gore	Dole								MO	Kansas City	Kansas City Star
Journal Star			Bush									IL	Peoria	Journal Star
Ottawa Herald				Clinton								KS	Ottawa	Ottawa Herald
Syracuse Post-Standard	Obama											NY	Syracuse	Syracuse Post-Standard
Argus	Obama	Kerry										CA	Fremont	Argus
Norfolk Daily News	McCain		Bush	Dole								NE	Norfolk	Norfolk Daily News
Key West Citizen				Clinton								FL	Key West	Key West Citizen
Durango Herald	Obama	Kerry										CO	Durango	Durango Herald
Birmingham Post-Herald			Bush									AL	Birmingham Post	Birmingham Post-Herald
Scranton Times Tribune-Review			Bush									PA	Greensburg	Scranton Times Tribune-Review
Casa Grande Dispatch				Dole								AZ	Casa Grande	Casa Grande Dispatch
Seattle Post-Intelligencer	Obama	Kerry	Gore	Clinton								WA	Seattle	Seattle Post-Intelligencer
Flint Journal			Bush									MI	Flint	Flint Journal
San Bernardino Sun	Obama	Bush										CA	San Bernardino	San Bernardino Sun
Longview News-Journal	Obama	Kerry	Gore									TX	Longview	Longview News-Journal
Selma Times-Journal				Dole								AL	Selma	Selma Times-Journal
Pendleton East Oregonian				Clinton								OR	Pendleton	Pendleton East Oregonian
Duluth News-Tribune			Gore									MN	Duluth	Duluth News-Tribune
Southwest News-Herald	Obama	Kerry										IL	Chicago	Southwest News-Herald
Idaho Press-Tribune			Bush									ID	Nampa	Idaho Press-Tribune
Journal Times			Gore									WI	Racine	Journal Times
Ouray County Plaindealer	Obama	Kerry										CO	Ouray County	Ouray County Plaindealer
Denver Rocky Mountain News			Bush									CO	Denver	Denver Rocky Mountain News
Norwich Bulletin	Obama			Dole								CT	Norwich	Norwich Bulletin
Parkersburg News				Dole								WV	Parkersburg	Parkersburg News
Benton Courier				Clinton								AR	Benton	Benton Courier
Shawnee News-Star			Bush									OK	Shawnee	Shawnee News-Star
Green Bay Press Gazette	McCain		Bush									WI	Green Bay	Green Bay Press Gazette
Tribune Chronicle			Bush									OH	Warren	Tribune Chronicle
Harrison Daily Times				Clinton								AR	Harrison	Harrison Daily Times
State	McCain	Bush	Bush									SC	Columbia	State
Record-Journal			Gore									CT	Meriden	Record-Journal
Foster's Daily Democrat	McCain	Bush	Bush	Dole								NH	Dover	Foster's Daily Democrat
Wilmington Star-News	Obama	Kerry										NC	Wilmington	Wilmington Star-News
Stuart News			Bush									FL	Stuart	Stuart News
West Plains Daily Quill				Clinton								MO	West Plains	West Plains Daily Quill
Cape Coral Daily Breeze	McCain											FL	Cape Coral	Cape Coral Daily Breeze
Daily Herald	Obama	Kerry	Bush									IL	Arlington Heights	Daily Herald
Fargo Forum	McCain	Bush		Dole								ND	Fargo	Fargo Forum
Winchester Star	McCain	Bush										VA	Winchester	Winchester Star
Winston-Salem Journal			Bush									NC	Winston-Salem	Winston-Salem Journal
Oshkosh Northwestern				Dole								WI	Oshkosh	Oshkosh Northwestern
Macomb Daily			Gore									MI	Macomb	Macomb Daily
Asheboro Courier-Tribune				Dole								NC	Asheboro	Asheboro Courier-Tribune
Virginian-Pilot			Gore									VA	Norfolk	Virginian-Pilot
Lodi News-Sentinel				Dole								CA	Lodi	Lodi News-Sentinel
Oregonian	Obama	Kerry	Bush	Clinton								OR	Portland	Oregonian
Russell Daily News				Dole								KS	Russell	Russell Daily News
Murray Ledger Times				Dole								KY	Murray	Murray Ledger Times
Morning Call		Kerry	Bush									PA	Allentown	Morning Call
Edinburg Daily Review				Clinton								TX	Edinburg	Edinburg Daily Review
Kingsport Daily News				Dole								TN	Kingsport	Kingsport Daily News
Vicksburg Post				Dole								MS	Vicksburg	Vicksburg Post
Observer-Reporter	Obama											PA	Washington	Observer-Reporter
Cortez Journal	Obama	Kerry										CO	Cortez	Cortez Journal
Sumter Item				Dole								SC	Sumter	Sumter Item
Herald-Dispatch			Gore									WV	Huntington	Herald-Dispatch
Courier-Post			Bush									NJ	Cherry Hill	Courier-Post
Uniontown Herald Standard				Clinton								PA	Uniontown	Uniontown Herald Standard
Lubbock Avalanche-Journal	McCain	Bush	Bush	Dole								TX	Lubbock	Lubbock Avalanche-Journal
Observer-Dispatch			Bush									NY	Utica	Observer-Dispatch
Vail Daily	Obama											CO	Vail	Vail Daily
Winnemucca Humbolt Sun				Clinton								NV	Winnemucca	Winnemucca Humbolt Sun
Springfield Union News				Clinton								MA	Springfield	Springfield Union News
Plain Dealer	Obama	none	Bush	Clinton								OH	Cleveland	Plain Dealer
Pasadena Star-News	Obama	Bush	Bush									CA	Pasadena	Pasadena Star-News
Delaware County Daily Times			Bush	Dole								PA	Primos	Delaware County Daily Times
Day of New London				Dole								CT	New London	Day of New London
Bangor Daily News	Obama	Kerry	Bush									ME	Bangor	Bangor Daily News
News Journal	Obama	Kerry	Gore									DE	Wilmington	News Journal
Gunnison Country Times	Obama	none										CO	Gunnison	Gunnison Country Times
Sun		Kerry	Gore									MD	Baltimore	Sun
Modesto Bee	Obama	Kerry	Gore	Clinton								CA	Modesto	Modesto Bee
Hartford Courant	Obama		Bush	Clinton								CT	Hartford	Hartford Courant
Wheeling News-Register	McCain	Bush										WV	Wheeling	Wheeling News-Register
Forum			Bush									ND	Fargo	Forum
Capital			Bush									MD	Annapolis	Capital
Birmingham News		Bush	Bush									AL	Birmingham	Birmingham News
Dallas Morning News	McCain	Bush	Bush	Dole								TX	Dallas	Dallas Morning News
Albuquerque Tribune			Bush	Dole								NM	Albuquerque	Albuquerque Tribune
Arkansas Times												AR	Little Rock	Arkansas Times
(Spokane) Spokesman-Review	McCain	Bush										WA	Spokane	(Spokane) Spokesman-Review
Edmond Evening Sun				Dole								OK	Edmond	Edmond Evening Sun
Wilkes-Barre Times Leader				Clinton								PA	Wilkes-Barre	Wilkes-Barre Times Leader
Advertiser			Bush									LA	Lafayette	Advertiser
Press Journal			Bush									FL	Vero Beach	Press Journal
Marshalltown Times-Republican	McCain			Dole								IA	Marshalltown	Marshalltown Times-Republican
Shreveport Times	Obama			Clinton								LA	Shreveport	Shreveport Times
Waynesboro News-Virginian	McCain											VA	Waynesboro	Waynesboro News-Virginian
Lansing State-Journal	Obama		Gore									MI	Lansing	Lansing State-Journal
Beloit Daily News				Dole								WI	Beloit	Beloit Daily News
Amarillo Daily News				Dole								TX	Amarillo	Amarillo Daily News
Yakima Herald-Republic	Obama	Bush										WA	Yakima	Yakima Herald-Republic
Centre Daily Times			Gore									PA	State College	Centre Daily Times
Finger Lakes Times				Dole								NY	Finger Lakes	Finger Lakes Times
San Mateo Daily Journal	Obama											CA	San Mateo	San Mateo Daily Journal
Seattle Times	Obama	Kerry	Bush	Clinton								WA	Seattle	Seattle Times
Gadsden Times			Bush	Dole								AL	Gadsden	Gadsden Times
Bergen Record	Obama											NJ	Bergen	Bergen Record
Investor's Business Daily												CA	Los Angeles	Investor's Business Daily
Virginia Gazette												VA	Williamsburg	Virginia Gazette
Albany Herald				Dole								GA	Albany	Albany Herald
Bristol Herald Courier	McCain											VA	Bristol	Bristol Herald Courier
Record		Kerry	Gore	Clinton								NJ	Hackensack	Record
Winter Haven News Chief				Dole								FL	Winter Haven	Winter Haven News Chief
Clarksdale Press-Register				Dole								MS	Clarksdale	Clarksdale Press-Register
Holdrege Daily Citizen				Dole								NE	Holdrege	Holdrege Daily Citizen
Press-Telegram			Gore									CA	Long Beach	Press-Telegram
Wichita Eagle			Bush	Dole								KS	Wichita Eagle	Wichita Eagle
Tennessean	Obama	Kerry	Gore	Clinton								TN	Nashville	Tennessean
Arkansas Democrat-Gazette		Bush	Bush									AR	Little Rock	Arkansas Democrat-Gazette
Washington Post	Obama	Kerry	Gore									DC	Washington	Washington Post
Boston Herald	McCain	Bush	Bush	Dole								MA	Boston	Boston Herald
Greenville News				Dole								SC	Greenville	Greenville News
Sante Fe New Mexican			Gore									NM	Sante Fe	Sante Fe New Mexican
Press Democrat			Gore									CA	Santa Rosa	Press Democrat
Wenatchee World	Obama											WA	Wenatchee	Wenatchee World
Fremont Tribune				Clinton								NE	Fremont	Fremont Tribune
Post-Standard												NY	Syracuse	Post-Standard
Jonesboro Sun				Clinton								AR	Jonesboro	Jonesboro Sun
Grand Rapids Press	McCain		Bush									MI	Grand Rapids	Grand Rapids Press
North County Times	McCain		Bush									CA	Escondido	North County Times
Warrensburg Daily Star-Journal				Dole								MO	Warrensburg-Journal	Warrensburg Daily Star-Journal
Savannah Morning News			Bush	Dole								GA	Savannah	Savannah Morning News
Jackson Sun	McCain	Kerry		Clinton								TN	Jackson	Jackson Sun
Owensboro Messenger-Inquirer			Bush									KY	Owensboro	Owensboro Messenger-Inquirer
Chanute Tribune				Dole								KS	Chanute	Chanute Tribune
Corpus Christi Caller-Times	McCain	Kerry	Bush	Dole								TX	Corpus Christi	Corpus Christi Caller-Times
Decatur Daily				Clinton								AL	Decatur	Decatur Daily
News Tribune	Obama	Kerry	Gore									WA	Tacoma	News Tribune
Olympian	Obama	Kerry										WA	Olympia	Olympian
Harrisburg Patriot-News	Obama											PA	Harrisburg	Harrisburg Patriot-News
Atlanta Journal-Constitution	Obama	Kerry	Gore									GA	Atlanta	Atlanta Journal-Constitution
Times-Reporter	Obama	Bush										OH	New Philadelphia	Times-Reporter
Star-Gazette			Bush									NY	Elmira	Star-Gazette
Journal and Courier			Bush									IN	Lafayette	Journal and Courier
Herald-Journal			Bush									SC	Spartanburg	Herald-Journal
Daily Breeze	Obama	Bush										CA	Torrance	Daily Breeze
El Paso Times			Bush									TX	El Paso	El Paso Times
News-Times			Gore									CT	Danbury	News-Times
Denver Post	Obama	Bush	Gore	Clinton								CO	Denver	Denver Post
Indianapolis Star		Bush	Bush									IN	Indianapolis	Indianapolis Star
Daily News (Los Angeles)	Obama	Kerry	Bush									CA	Los Angeles	Daily News (Los Angeles)
Detroit News	McCain	N/A	Bush	Dole								MI	Detroit	Detroit News
Florida Today	Obama		Gore	Clinton								FL	Melbourne	Florida Today
Springfield News-Leader			Gore									MO	Springfield	Springfield News-Leader
Baltimore Examiner	McCain	none										MD	Baltimore	Baltimore Examiner
St. Paul Pioneer-Press		Bush										MN	St. Paul	St. Paul Pioneer-Press
Jamestown Sun				Clinton								ND	Jamestown	Jamestown Sun
Sapulpa Daily Herald				Dole								OK	Sapulpa	Sapulpa Daily Herald
St. Louis Post-Dispatch	Obama	Kerry	Gore	Clinton								MO	St. Louis	St. Louis Post-Dispatch
Merced Sun Star	Obama	Kerry										CA	Merced	Merced Sun Star
Huntsville Times			Gore									AL	Huntsville	Huntsville Times
Newton Kansan				Dole								KS	Newton	Newton Kansan
Bend Bulletin	McCain	Bush										OR	Bend	Bend Bulletin
Staten Island Advance			Gore									NY	Staten Island	Staten Island Advance
New Haven Register	Obama	Bush	Bush	Dole								CT	New Haven	New Haven Register
Corvallis Gazette-Times	Obama		Gore									OR	Corvallis	Corvallis Gazette-Times
Louisville Courier-Journal	Obama	Kerry		Clinton								KY	Louisville	Louisville Courier-Journal
Middletown Journal	Obama											OH	Middletown	Middletown Journal
Tribune			Bush									FL	Fort Pierce	Tribune
Vindicator			Bush									OH	Youngstown	Vindicator
Pittsburgh Morning Sun				Dole								KS	Pittsburgh	Pittsburgh Morning Sun
Kingston Daily Freeman				Clinton								NY	Kingston	Kingston Daily Freeman
San Antonio Express-News	McCain	Bush	Bush	Dole								TX	San Antonio	San Antonio Express-News
Iola Register				Dole								KS	Iola	Iola Register
Herald and Review			Bush									IL	Decatur	Herald and Review
News and Record			Gore	Clinton								NC	Greensboro	News and Record
Asheville Citizen-Times	Obama	Kerry	Gore									NC	Asheville	Asheville Citizen-Times
Cincinnati Post			Bush	Dole								OH	Cincinnati	Cincinnati Post
Times			Gore									LA	Shreveport	Times
Hawk Eye	Obama	Kerry	Gore									IA	Burlington	Hawk Eye
Pleasanton Tri-Valley Herald				Clinton								CA	Pleasanton	Pleasanton Tri-Valley Herald
Herald			Gore									WA	Everett	Herald
News & Observer		Kerry										NC	Raleigh	News & Observer
Brunswick Times-Record	Obama	Kerry										ME	Brunswick	Brunswick Times-Record
Richmond County Daily Journal				Clinton								NC	Richmond	Richmond County Daily Journal
Walla Walla Union-Bulletin	Obama	Kerry	Bush									WA	Walla Walla	Walla Walla Union-Bulletin
Tyler Morning Telegraph	McCain											TX	Tyler	Tyler Morning Telegraph
Waycross Journal-Herald				Dole								GA	Waycross	Waycross Journal-Herald
Kearney Hub				Dole								NE	Kearney	Kearney Hub
Times-Picayune	Obama	none	Bush									LA	New Orleans	Times-Picayune
San Gabriel Valley Tribune	Obama	Bush	Bush									CA	San Gabriel	San Gabriel Valley Tribune
Courier-News				Clinton								NJ	Bridgewater	Courier-News
Concord Monitor	Obama	Kerry	Gore	Clinton								NH	Concord	Concord Monitor
Minneapolis Star Tribune	Obama			Clinton								MN	Minneapolis	Minneapolis Star Tribune
Kingsport Times-News				Dole								TN	Kingsport	Kingsport Times-News
Pueblo Chieftain	McCain	Bush										CO	Pueblo	Pueblo Chieftain
Burlington Free Press	Obama	Kerry										VT	Burlington	Burlington Free Press
Great Falls Tribune			Gore	Clinton								MT	Great Falls	Great Falls Tribune
Prescott Daily Courier				Dole								AZ	Prescott	Prescott Daily Courier
Tryon Daily Bulletin				Dole								NC	Tryon	Tryon Daily Bulletin
Chattanooga Free Press	McCain	Bush	Bush	Dole								TN	Chattanooga	Chattanooga Free Press
York Daily Record	Obama	Bush	Gore									PA	York	York Daily Record
Providence Journal	Obama	Bush	Bush									RI	Providence	Providence Journal
Tri-Valley Herald	Obama	Bush	Bush									CA	Pleasanton	Tri-Valley Herald
Brattleboro Reformer	Obama											VT	Brattleboro	Brattleboro Reformer
Storm Lake Times	Obama	Kerry										IA	Storm Lake	Storm Lake Times
Union Leader	McCain	Bush	Bush									NH	Manchester	Union Leader
Columbus Ledger-Enquirer	Obama	Bush	Gore									GA	Columbus	Columbus Ledger-Enquirer
Florida Times-Union												FL	Jacksonville	Florida Times-Union
Greeley Daily Tribune			Bush									CO	Greeley	Greeley Daily Tribune
Brookhaven Daily Leader				Dole								MS	Brookhaven	Brookhaven Daily Leader
New Braunfels Herald-Zeitung	McCain											TX	New Braunfels	New Braunfels Herald-Zeitung
La Opinion	Obama	Kerry										CA	Los Angeles	La Opinion
Skagit Valley Herald				Dole								WA	Skagit Valley	Skagit Valley Herald
Pensacola News-Journal	Obama											FL	Pensacola	Pensacola News-Journal
Tucson Citizen			Gore									AZ	Tucson	Tucson Citizen
Los Angeles Times	Obama	none										CA	Los Angeles	Los Angeles Times
Carlsbad Current-Argus			Bush									NM	Carlsbad	Carlsbad Current-Argus
New York Daily News				Clinton								NY	New York	New York Daily News
Portland Press Herald	Obama		Gore									ME	Portland	Portland Press Herald
Journal Gazette	Obama	Kerry	Gore	Clinton								IN	Fort Wayne	Journal Gazette
Honolulu Star-Bulletin	Obama	Kerry										HI	Honolulu	Honolulu Star-Bulletin
Times-Standard			Bush									CA	Eureka	Times-Standard
Daily Globe	McCain											MN	Worthington	Daily Globe
Daily Democrat	Obama											CA	Woodland	Daily Democrat
Daily Press	McCain	Kerry										VA	Newport News	Daily Press
Daily Oklahoman			Bush	Dole								OK	Oklahoma City	Daily Oklahoman
News and Observer	Obama	Kerry	Gore									NC	Raleigh	News and Observer
Orange County Register												CA	Anaheim	Orange County Register
Anchorage Daily News	Obama	Kerry	Gore									AK	Anchorage	Anchorage Daily News
Wichita Falls Times Herald Record			Bush									TX	Wichita Falls	Wichita Falls Times Herald Record
Santa Rosa Press-Democrat	Obama											CA	Santa Rosa	Santa Rosa Press-Democrat
Canandaigua Daily Messenger				Clinton								NY	Canandaigua	Canandaigua Daily Messenger
Lebanon Dally Record				Dole								MO	Lebanon	Lebanon Dally Record
Billings Gazette	Obama		Bush									MT	Billings	Billings Gazette
Johnson City Press				Clinton								TN	Johnson City	Johnson City Press
Rapid City Journal			Bush									SD	Rapid City	Rapid City Journal
Daily Camera			Bush									CO	Boulder	Daily Camera
Hamilton Journal-News	Obama	Bush										OH	Hamilton	Hamilton Journal-News
Augusta Chronicle			Bush	Dole								GA	Augusta	Augusta Chronicle
Antelope Valley Press				Dole								CA	Antelope Valley	Antelope Valley Press
Glens Falls Post-Star	Obama											NY	Glens Falls	Glens Falls Post-Star
Leaf-Chronicle	McCain	Bush										TN	Clarksville	Leaf-Chronicle
Public Opinion	McCain	none										PA	Chambersburg	Public Opinion
Detroit Free Press	Obama	Kerry	Gore	Clinton								MI	Detroit	Detroit Free Press
Advocate			Bush									CT	Stamford	Advocate
Telegram and Gazette			Bush									MA	Worcester	Telegram and Gazette
Eagle-Tribune	McCain		Bush	Dole								MA	Lawrence	Eagle-Tribune
Reno Gazette-Journal	Obama		Gore	Clinton								NV	Reno	Reno Gazette-Journal
Muskegon Chronicle	Obama	Kerry										MI	Muskegon	Muskegon Chronicle
Mail Tribune	Obama	Kerry										OR	Medford	Mail Tribune
Newsday			Gore									NY	Melville	Newsday
Atlanta Constitution				Clinton								GA	Atlanta	Atlanta Constitution
Waterbury Republican-American			Bush									CT	Waterbury	Waterbury Republican-American
Idaho Statesman	Obama	Kerry		Dole								ID	Boise	Idaho Statesman
Hereford Brand				Dole								TX	Hereford	Hereford Brand
Mount Airy News				Dole								NC	Mount Airy	Mount Airy News
Boulder Camera	Obama	Kerry										CO	Boulder	Boulder Camera
Muscatine Journal				Dole								IA	Muscatine	Muscatine Journal
Indianapolis Star and News				Dole								IN	Indianapolis	Indianapolis Star and News
Syracuse Herald-American			Bush									NY	Syracuse	Syracuse Herald-American
Dominion Post			Bush									WV	Morgantown	Dominion Post
Lexington Dispatch				Clinton								NC	Lexington	Lexington Dispatch
Amarillo Globe Times				Dole								TX	Amarillo	Amarillo Globe Times
Press of Atlantic City			Bush									NJ	Atlantic City	Press of Atlantic City
Salinas Californian				Clinton								CA	Salinas	Salinas Californian
Vallejo Times-Herald				Clinton								CA	Vallejo	Vallejo Times-Herald
Philadelphia Daily News	Obama	Kerry	Gore	Clinton								PA	Philadelphia	Philadelphia Daily News
St. Paul Pioneer Press			Bush	Clinton								MN	St. Paul	St. Paul Pioneer Press
Austin American-Statesman	Obama	Bush	Bush									TX	Austin	Austin American-Statesman
Pittsburgh Post-Gazette	Obama	Kerry	Gore									PA	Pittsburgh	Pittsburgh Post-Gazette
Richmond Times-Dispatch	McCain	Bush	Bush	Dole								VA	Richmond	Richmond Times-Dispatch
Home News Tribune			Gore									NJ	East Brunswick	Home News Tribune
Mesa Tribune				Clinton								AZ	Mesa	Mesa Tribune
Pierre Capital Journal				Dole								SD	Pierre	Pierre Capital Journal
New York Post	McCain	Bush	Bush	Dole								NY	New York	New York Post
(Lowell) Sun		Bush										MA	Lowell	(Lowell) Sun
Daily Comet			Bush									LA	Thibodaux	Daily Comet
Tribune-Review												PA	Greensburg	Tribune-Review
Macon Telegraph	Obama											GA	Macon	Macon Telegraph
Corpus Christi Caller Times				Dole								TX	Corpus Christi	Corpus Christi Caller Times
Beaumont Enterprise	McCain	Bush	Bush									TX	Beaumont	Beaumont Enterprise
Victoria Advocate				Dole								TX	Victoria	Victoria Advocate
Greenwich Time			Bush									CT	Greenwich	Greenwich Time
Register Citizen	McCain	Bush										CT	Torrington	Register Citizen
Erie Times-News	Obama	Bush	Bush									PA	Erie	Erie Times-News
Times of Trenton	Obama		Gore	Clinton								NJ	Trenton	Times of Trenton
Willmar West Central Tribune				Dole								MN	Willmar	Willmar West Central Tribune
Clarion-Ledger			Gore	Dole								MS	Jackson	Clarion-Ledger
News-Journal			Gore									FL	Daytona	News-Journal
Reporter	Obama	Bush										CA	Vacaville	Reporter
Keene Sentinel	Obama		Gore									NH	Keene	Keene Sentinel
Mountain Valley News	McCain											CO	Cedaredge	Mountain Valley News
Joplin Globe			Bush	Dole								MO	Joplin	Joplin Globe
Anniston Star			Gore	Clinton								AL	Anniston	Anniston Star
Cedar Rapids Gazette				Dole								IA	Cedar Rapids	Cedar Rapids Gazette
Oakland Tribune	Obama	Kerry		Clinton								CA	Oakland	Oakland Tribune
USA Today												""	""	USA Today
Lufkin Daily News	Obama	Kerry										TX	Lufkin	Lufkin Daily News
San Francisco Examiner	McCain	Bush	Gore	Clinton								CA	San Francisco	San Francisco Examiner
Daily News	Obama	Bush	Gore									NY	New York	Daily News
Recorder	Obama											MA	Greenfield	Recorder
Riverside Press-Enterprise	McCain	Bush										CA	Riverside	Riverside Press-Enterprise
Charleston Daily Mail			Bush	Dole								WV	Charleston Mail	Charleston Daily Mail
Stevens Point Journal	Obama											WI	Stevens Point	Stevens Point Journal
Aurora Sentinel	Obama	Kerry										CO	Aurora	Aurora Sentinel
Las Cruces Sun-News	Obama	Bush	Bush									NM	Las Cruces	Las Cruces Sun-News
Daily World			Bush									LA	Opelousas	Daily World
Argus Leader	McCain											SD	Sioux Falls	Argus Leader
South Florida Sun-Sentinel			Gore									FL	Fort Lauderdale	South Florida Sun-Sentinel
Montgomery Advertiser			Bush									AL	Montgomery	Montgomery Advertiser
Poughkeepsie Journal	Obama	Bush	Bush									NY	Poughkeepsie	Poughkeepsie Journal
Sikeston Standard Democrat				Dole								MO	Sikeston	Sikeston Standard Democrat
Omaha World-Herald		Bush	Bush									NE	Omaha	Omaha World-Herald
Sentinel	McCain	Bush										PA	Lewistown	Sentinel
Durham Herald-Sun	Obama	none										NC	Durham	Durham Herald-Sun
Record Searchlight			Bush									CA	Redding	Record Searchlight
Times-Leader	Obama											PA	Wilkes Barre	Times-Leader
McCook Daily Gazette	McCain											NE	McCook	McCook Daily Gazette
Boston Globe	Obama	Kerry	Gore	Clinton								MA	Boston	Boston Globe
Palestine Herald-Press				Clinton								TX	Palestine	Palestine Herald-Press
Lake County News-Sun	Obama	Bush										IL	Waukegan	Lake County News-Sun
Ledger Independent	Obama											KY	Maysville	Ledger Independent
Wisconsin State Journal	Obama	Bush	Bush									WI	Madison	Wisconsin State Journal
York Dispatch			Bush									PA	York	York Dispatch
Rocky Mountain News		Bush		Dole								CO	Denver	Rocky Mountain News
Alexandria Daily Town Talk			Bush									LA	Alexandria	Alexandria Daily Town Talk
Monroe Evening-News				Dole								MI	Monroe	Monroe Evening-News
Naples Daily-News	Obama	Bush	Bush	Dole								FL	Naples	Naples Daily-News
Tampa Tribune	McCain	N/A	Bush	Dole								FL	Tampa	Tampa Tribune
Times Union			Gore									NY	Albany	Times Union
Day	Obama		Bush									CT	New London	Day
News-Gazette	McCain		Bush									IL	Champaign	News-Gazette
San Mateo County Times	Obama	Kerry										CA	San Mateo	San Mateo County Times
Fairfield Daily Republic				Dole								CA	Fairfield	Fairfield Daily Republic
El Paso Herald-Post				Dole								TX	El Paso	El Paso Herald-Post
Journal News			Bush									NY	West Nyack	Journal News
Hernando Today				Dole								FL	Hernando	Hernando Today
Roswell Daily Record	McCain											NM	Roswell	Roswell Daily Record
Opelika-Auburn News				Dole								AL	Opelika-Auburn	Opelika-Auburn News
Nashua Telegraph	Obama	Kerry										NH	Nashua	Nashua Telegraph
Leesburg Daily Commercial				Clinton								FL	Leesburg	Leesburg Daily Commercial
Daily Astorian	Obama	Kerry		Clinton								OR	Astoria	Daily Astorian
Courier	McCain	Bush	Bush									OH	Findlay	Courier
Abilene Reporter-News			Bush	Dole								TX	Abilene	Abilene Reporter-News
Santa Cruz Sentinel	Obama	Kerry										CA	Santa Cruz	Santa Cruz Sentinel
Huntington Herald Press				Dole								IN	Huntington	Huntington Herald Press
Fresno Bee	Obama	Kerry	Gore									CA	Fresno	Fresno Bee
Chattanooga Times	Obama	Kerry	Gore									TN	Chattanooga	Chattanooga Times
Maine Sunday Telegram			Gore	Clinton								ME	Portland	Maine Sunday Telegram
Bakersfield Californian	McCain	Bush										CA	Bakersfield	Bakersfield Californian
Topeka Capital-Journal				Dole								KS	Topeka	Topeka Capital-Journal
Express-Times	Obama	Bush										PA	Easton	Express-Times
Monterey County Herald	Obama	Kerry										CA	Monterey	Monterey County Herald
Falls Church News-Press	Obama	Kerry										VA	Falls Church	Falls Church News-Press
Yamhill Valley News-Register	Obama	Bush										OR	McMinnville	Yamhill Valley News-Register
Muncie Star-Press	Obama											IN	Muncie	Muncie Star-Press
Big Spring Herald				Dole								TX	Big Spring	Big Spring Herald
Lancaster New Era	McCain											PA	Lancaster	Lancaster New Era
San Mateo Times				Clinton								CA	San Mateo	San Mateo Times
Miami Herald	Obama	Kerry	Gore									FL	Miami	Miami Herald
Arizona Republic	McCain	Bush	Bush									AZ	Phoenix	Arizona Republic
