key	prez_2008	prez_2004	prez_2000	prez_1996	prez_1992	rank	circ	daily	sun	lat	lng	st	city	paper	metro	tmp
Yankton Daily Press and Dakotan				Dole								SD	Yankton	Yankton Daily Press and Dakotan		
Ottumwa Courier	Obama						16904					IA	Ottumwa	Ottumwa Courier		
Portsmouth Herald	Obama	Kerry	Gore	Clinton	Clinton		11658					NH	Portsmouth	Portsmouth Herald		
Junction City Daily Union					Clinton							KS	Junction City	Junction City Daily Union		
Fort Collins Coloradoan	Obama	Kerry	Gore				26312					CO	Fort Collins	Fort Collins Coloradoan		
Houston Post					GHWBush							TX	Houston	Houston Post		
Manhattan Mercury				Dole								KS	Manhattan	Manhattan Mercury		
Martinsville Daily Reporter				Dole								IN	Martinsville	Martinsville Daily Reporter		
Hopkinsville Kentucky New Era				Dole								KY	Hopkinsville	Hopkinsville Kentucky New Era		
Times Record News	McCain	none			GHWBush		28888					TX	Wichita Falls	Times Record News		
LaCrosse Tribune	Obama	Kerry			Clinton		31759					WI	La Crosse	LaCrosse Tribune		
San Angelo Standard-Times	Obama		Bush		Clinton		24919					TX	San Angelo	San Angelo Standard-Times		
Rochester Democrat and Chronicle	Obama	Kerry	Gore		Clinton		145913					NY	Rochester	Rochester Democrat and Chronicle		
Star-Tribune						19		322362	534750					Star-Tribune		
Honolulu Advertiser	Obama	Kerry	Gore	Clinton		75	140331	140331	150276			HI	Honolulu	Honolulu Advertiser		
Akron Beacon-Journal	Obama	Kerry	Gore			82	119929	119929	155436			OH	Akron	Akron Beacon Journal		
Register-Guard	Obama	Kerry	Gore				67400					OR	Eugene	Register-Guard		
Waco Tribune-Herald					Clinton							TX	Waco	Waco Tribune-Herald		
Statesman-Journal	Obama	Kerry	Gore	Clinton	Clinton		47152					OR	Salem	Statesman-Journal		
Liberal Southwest Daily Times				Dole								KS	Liberal	Liberal Southwest Daily Times		
Cullman Times				Dole								AL	Cullman	Cullman Times		
Post-Crescent			Gore									WI	Appleton	Post-Crescent		
North Jersey Herald and News					Clinton							NJ	Passaic	North Jersey Herald and News		
Hays Daily News	Obama						12414					KS	Hays	Hays Daily News		
Sullivan Daily Times				Clinton	Clinton							IN	Sullivan	Sullivan Daily Times		
News-Sentinel			Bush									IN	Fort Wayne	News-Sentinel		
Metrowest Daily News			Gore									MA	Framingham	Metrowest Daily News		
Quad-City Times	Obama	Kerry	Bush				51890					IA	Davenport	Quad-City Times		
Orlando Sentinel	Obama	Kerry	Bush		GHWBush	33	227593	227593	332030			FL	Orlando	Orlando Sentinel		
Arizona Daily Star		Kerry	Gore	Clinton	Clinton	88	113373	113373	164033			AZ	Tucson	Arizona Daily Star		
Brookings Daily Register					Clinton							SD	Brookings	Brookings Daily Register		
Berkshire Eagle	Obama	Kerry	Gore		Clinton		26427					MA	Pittsfield	Berkshire Eagle		
Ames Daily Tribune Hawk Eye					Clinton							IA	Ames	Ames Daily Tribune Hawk Eye		
Repository	Obama	Bush	Bush				65789					OH	Canton	Repository		
Mason City Globe Gazette	Obama	Bush					17666					IA	Mason City	Mason City Globe Gazette		
New York Observer				Dole								NY	New York City	New York Observer		
Lawrence Journal-World				Dole								KS	Lawrence	Lawrence Journal-World		
Boca Raton News			Gore									FL	Boca Raton	Boca Raton News		
Wooster Daily Record				Dole	GHWBush							OH	Wooster	Wooster Daily Record		
Tuscaloosa News	Obama	Kerry	Gore				32768					AL	Tuscaloosa	Tuscaloosa News		
Ithaca Journal			Gore									NY	Ithaca	Ithaca Journal		
Free Lance-Star			Bush									VA	Fredericksburg	Free Lance-Star		
Temple Daily Telegram					Clinton							TX	Temple	Temple Daily Telegram		
Huntington Herald-Dispatch	Obama	Kerry	Gore				27463					WV	Huntington	Huntington Herald-Dispatch		
Iowa City Press-Citizen			Gore									IA	Iowa City	Iowa City Press-Citizen		
Palatka Daily News	McCain						11000					FL	Palatka	Palatka Daily News		
Alliance Review				Dole								OH	Alliance	Alliance Review		
Clinton Herald				Dole								IA	Clinton	Clinton Herald		
Patriot Ledger			Bush									MA	Quincy	Patriot Ledger		
Marietta Times			Bush									OH	Marietta	Marietta Times		
Sun Journal	McCain	Bush					34035					ME	Lewiston	Sun Journal		
Santa Monica Outlook					GHWBush							CA	Santa Monica	Santa Monica Outlook		
Lake Charles American Press					GHWBush							LA	Lake Charles	Lake Charles American Press		
Intelligencer Journal	Obama				Clinton		46357					PA	Lancaster	Intelligencer Journal		
Daily Reflector	Obama	Kerry			Clinton		21703					NC	Greenville	Daily Reflector		
Buffalo News	Obama	Kerry	Gore			55	178365	178365	260445			NY	Buffalo	Buffalo News		
Kalamazoo Gazette			Bush									MI	Kalamazoo	Kalamazoo Gazette		
Daily Southtown			Gore									IL	Tinley Park	Daily Southtown		
Aspen Daily News	Obama	Kerry					12500					CO	Aspen	Aspen Daily News		
Daily News (Bowling Green)	McCain	Bush	Bush				21240					KY	Bowling Green	Daily News (Bowling Green)		
Star-Ledger	Obama	Kerry	Gore	Clinton	Clinton	15	345130	345130	500382			NJ	Newark	Star-Ledger		
Elko Daily Free Press	McCain	Bush		Dole	GHWBush		8485					NV	Elko	Elko Daily Free Press		
Southern Illinoisan					Clinton							IL	Carbondale	Southern Illinoisan		
Willoughby News-Herald				Dole	GHWBush							OH	Willoughby	Willoughby News-Herald		
Asbury Park Press	Obama	Bush	Bush	Clinton	Clinton	73	140882	140882	184095			NJ	Asbury Park	Asbury Park Press		
Rome News-Tribune					GHWBush							GA	Rome	Rome News-Tribune		
Jackson Citizen Patriot	McCain	Bush					30825					MI	Jackson	Jackson Citizen Patriot		
McPherson Sentinel				Dole								KS	McPherson	McPherson Sentinel		
News Journal (Wilmington)	Obama	Kerry	Gore				110171					DE	Wilmington	News Journal (Wilmington)		
Charlotte Observer	Obama	Kerry	Gore	Clinton	Clinton	44	210616	210616	264170			NC	Charlotte	Charlotte Observer		
Daily Times-Call	McCain	Bush					21127					CO	Longmont	Daily Times-Call		
Santa Fe New Mexican	Obama	Kerry	Gore	Clinton	Clinton		25249					NM	Santa Fe	Santa Fe New Mexican		
Green Bay News Chronicle				Clinton								WI	Green Bay	Green Bay News Chronicle		
Tulsa World		Bush	Bush	Dole	GHWBush	89	112968	112968	160052			OK	Tulsa	Tulsa World		
Kirksville Daily Express					GHWBush							MO	Kirksville	Kirksville Daily Express		
Sacramento Bee	Obama	Kerry	Gore	Clinton	Clinton	25	288755	268755	307480			CA	Sacramento	Sacramento Bee		
Pryor Daily Times					Clinton							OK	Pryor	Pryor Daily Times		
Bradenton Herald	McCain	Kerry	Bush				48618					FL	Bradenton	Bradenton Herald		
Gillette News-Record				Dole								WY	Gillette	Gillette News-Record		
Wyoming Tribune-Eagle			Bush									WY	Cheyenne	Wyoming Tribune-Eagle		
Claremont Eagle Times	McCain				Clinton		7903					NH	Claremont	Claremont Eagle Times		
Knoxville News-Sentinel	McCain	Bush	Bush	Dole	GHWBush	84	117262	117262	147939			TN	Knoxville	Knoxville News-Sentinel		
Salisbury Daily Times					Clinton							MD	Salisbury	Salisbury Daily Times		
Brunswick News					GHWBush							GA	Brunswick	Brunswick News		
Courier-Journal	Obama	Kerry	Gore	Clinton	Clinton	41	215328	215328	258778			KY	Louisville	Courier-Journal		
Wall Street Journal						2	2069463	2069463	0			NY	New York City	Wall Street Journal		
State Journal-Register			Bush									IL	Springfield	State Journal-Register		
Palladium-Item	Obama	Bush					15453					IN	Richmond	Palladium-Item		
Michigan Chronicle	Obama	none					31872					MI	Detroit	Michigan Chronicle		
Stephenville Empire-Tribune					Clinton							TX	Stephenville	Stephenville Empire-Tribune		
Hollister Free Lance				Clinton	Clinton							CA	Hollister	Hollister Free Lance		
Contra Costa Times	Obama	Kerry	Bush		Clinton	50	183086	183086	194203			CA	Walnut Creek	Contra Costa Times		
Connecticut Post	McCain	Bush	Bush	Dole			76014					CT	Bridgeport	Connecticut Post		
Record (Stockton)	Obama	Bush	Bush				57486					CA	Stockton	Record (Stockton)		
Messenger	McCain	Bush					16355					IA	Fort Dodge	Messenger		
Daily Review	Obama	Kerry		Clinton			30704					CA	Hayward	Daily Review		
Springfield News-Sun	Obama	Kerry			Clinton		24684					OH	Springfield	Springfield News-Sun		
Daily Sentinel	McCain	Bush	Bush				31349					CO	Grand Junction	Daily Sentinel		
Dispatch			Bush									IL	Moline	Dispatch		
Marin Independent-Journal	Obama	Kerry	Gore				31909					CA	Novato	Marin Independent-Journal		
Desert Sun	McCain	Bush	Bush				53091					CA	Palm Springs	Desert Sun		
Chicago Tribune	Obama	Bush	Bush	Dole	GHWBush	8	541663	541663	898703			IL	Chicago	Chicago Tribune		
New Rolla Daily News					GHWBush							MO	Rolla	New Rolla Daily News		
Commercial Appeal	Obama	Kerry	Bush	Dole	GHWBush	69	146961	146961	188040			TN	Memphis	Commercial Appeal		
Ellensburg Daily Record					Clinton							WA	Ellensburg	Ellensburg Daily Record		
Medina County Gazette					Clinton							OH	Medina	Medina County Gazette		
Hannibal Courier-Post					GHWBush							MO	Hannibal	Hannibal Courier-Post		
Blackwell Journal-Tribune				Dole	GHWBush							OK	Blackwell	Blackwell Journal-Tribune		
Griffin Daily News					GHWBush							GA	Griffin	Griffin Daily News		
Okmulgee Daily Times					Clinton							OK	Okmulgee	Okmulgee Daily Times		
High Point Enterprise			Bush		GHWBush							NC	High Point	High Point Enterprise		
Emporia Gazette			Gore		Clinton							KS	Emporia	Emporia Gazette		
Pittsburg Morning Sun				Dole								KS	Pittsburg	Pittsburg Morning Sun		
Paris News				Dole								TX	Paris	Paris News		
Sun (Baltimore)	Obama	Kerry	Gore			32	232360	232360	372970			MD	Baltimore	Sun (Baltimore)		
Oklahoman	McCain	Bush	Bush	Dole	GHWBush	46	201771	201771	262150			OK	Oklahoma City	Oklahoman		
Midland Reporter-Telegram				Dole	GHWBush							TX	Midland	Midland Reporter-Telegram		
Ann Arbor News			Bush		Clinton							MI	Ann Arbor	Ann Arbor News		
Conway Daily Sun	Obama	none			GHWBush							NH	Conway	Conway Daily Sun		
San Jose Mercury News	Obama	Kerry	Gore	Clinton	Clinton	31	234772	234772	251851			CA	San Jose	San Jose Mercury News		
Phoenix					Clinton							PA	Phoenixville	Phoenix		
Beaver County Times	Obama		Gore									PA	Beaver	Beaver County Times		
Ocala Star-Banner			Gore									FL	Ocala	Ocala Star-Banner		
el Diario	Obama	Kerry					53856					NY	New York City	el Diario		
Times-Tribune	McCain		Bush									PA	Scranton	Times-Tribune		
Milwaukee Journal Sentinel	Obama	Kerry		Dole		40	217755	217755	384539			WI	Milwaukee	Milwaukee Journal Sentinel		
Rockford Register Star	Obama	Kerry	Bush				55913					IL	Rockford	Rockford Register Star		
Mississippi Press					GHWBush							MS	Pascagoula	Mississippi Press		
Dalhart Daily Texan				Dole								TX	Dalhart	Dalhart Daily Texan		
Traverse City Record-Eagle				Clinton								MI	Traverse City	Traverse City Record-Eagle		
Norwalk Reflector				Clinton								OH	Norwalk	Norwalk Reflector		
West Chester Daily Local News				Dole								PA	West Chester	West Chester Daily Local News		
Muskogee Daily Phoenix	Obama	Kerry	Bush				14816					OK	Muskogee	Muskogee Daily Phoenix		
Gainesville Sun	Obama		Gore									FL	Gainesville	Gainesville Sun		
Dayton Daily News	Obama	Kerry	Gore	Clinton	Clinton	85	116690	116690	157833			OH	Dayton	Dayton Daily News		
Marshall News Messenger					Clinton							TX	Marshall	Marshall News Messenger		
Napa Valley Register	McCain	Bush					16283					CA	Napa	Napa Valley Register		
Amarillo Globe-News	McCain	Bush					44764					TX	Amarillo	Amarillo Globe-News		
Kerrville Daily Times	McCain			Dole			8971					TX	Kerrville	Kerrville Daily Times		
Salem Evening News			Gore									MA	Salem	Salem Evening News		
Grand Forks Herald			Gore		Clinton							ND	Grand Forks	Grand Forks Herald		
Galveston County Daily News	McCain		Bush		Clinton		26933					TX	Galveston	Galveston County Daily News		
Gary Post-Tribune					GHWBush							IN	Gary	Gary Post-Tribune		
Shenandoah Valley News Today				Dole								IA	Shenandoah	Shenandoah Valley News Today		
Saginaw News	Obama	Kerry					39143					MI	Saginaw	Saginaw News		
Daily News Record	McCain		Bush		GHWBush		30908					VA	Harrisonburg	Daily News Record		
Nashville Banner				Clinton	Clinton							TN	Nashville	Nashville Banner		
New Castle News					Clinton							PA	New Castle	New Castle News		
Daytona Beach News-Journal	Obama	Kerry	Gore	Clinton	Clinton	100	99627	99627	116700			FL	Daytona Beach	Daytona Beach News-Journal		
Bennington Banner	Obama	Kerry					6502					VT	Bennington	Bennington Banner		
Pawtucket Times				Dole								RI	Pawtucket	Pawtucket Times		
Wahpeton Daily News					GHWBush							ND	Wahpeton	Wahpeton Daily News		
Ardmore Daily Ardmoreite				Dole								OK	Ardmore	Ardmore Daily Ardmoreite		
Taunton Daily Gazette				Clinton	Clinton							MA	Taunton	Taunton Daily Gazette		
Bryan-College Station Eagle	Obama	Bush			GHWBush		21654					TX	Bryan	Bryan-College Station Eagle		
Hutchinson News			Gore	Dole	Clinton							KS	Hutchinson	Hutchinson News		
Bonham Favorite					Clinton							TX	Bonham	Bonham Favorite		
Albuquerque Journal			Bush	Dole	GHWBush	97	102902	102902	137623			NM	Albuquerque	Albuquerque Journal		
Saratogian					Clinton							NY	Saratoga Springs	Saratogian		
New York Times	Obama	Kerry	Gore	Clinton	Clinton	3	1077256	1077256	1476400			NY	New York City	New York Times		
Quincy Herald-Whig			Bush									IL	Quincy	Quincy Herald-Whig		
Ventura County Star			Bush	Dole								CA	Ventura	Ventura County Star		
Chicago Sun-Times	Obama	Kerry	Bush	Clinton	Clinton	21	312274	312274	247469			IL	Chicago	Chicago Sun-Times		
Morning Journal	McCain						25334					OH	Lorain	Morning Journal		
San Francisco Chronicle	Obama	Kerry	Gore			12	370345	370345	424603			CA	San Francisco	San Francisco Chronicle		
News-Advance	McCain	Bush					33931					VA	Lynchburg	News-Advance		
South Bend Tribune				Clinton								IN	South Bend	South Bend Tribune		
Coos Bay World				Dole	GHWBush							OR	Coos Bay	Coos Bay World		
Longview Daily News					Clinton							WA	Longview	Longview Daily News		
Marietta Daily Journal			Bush									GA	Marietta	Marietta Daily Journal		
Lakeland Ledger	Obama	Bush	Bush		Clinton		65948					FL	Lakeland	Lakeland Ledger		
Orange Leader					Clinton							TX	Orange	Orange Leader		
Thomasville Times-Enterprise				Dole								GA	Thomasville	Thomasville Times-Enterprise		
Southwest Times			Bush									VA	Pulaski	Southwest Times		
Belleville News-Democrat				Dole	GHWBush							IL	Belleville	Belleville News-Democrat		
Sarasota Herald-Tribune	Obama	Kerry	Gore			86	114904	114904	125644			FL	Sarasota	Sarasota Herald-Tribune		
Long Beach Press Telegram	Obama	Bush	Gore				85595					CA	Long Beach	Long Beach Press Telegram		
Bay City Times	Obama	Kerry					30183					MI	Bay City	Bay City Times		
Lexington Herald-Leader	Obama	Kerry	Gore		Clinton	93	109624	109624	135250			KY	Lexington	Lexington Herald-Leader		
Olathe Daily News					Clinton							KS	Olathe	Olathe Daily News		
Mineral Wells Index					Clinton							TX	Mineral Wells	Mineral Wells Index		
Mobile Press Register	McCain	Bush	Bush		GHWBush		99433					AL	Mobile	Mobile Press Register		
Gloucester County Times	Obama	Kerry			Clinton		23189					NJ	Woodbury	Gloucester County Times		
Pittsburgh Press					GHWBush							PA	Pittsburgh	Pittsburgh Press		
Talladega Daily Home				Clinton								AL	Talladega	Talladega Daily Home		
News-Press			Bush									FL	Fort Myers	News-Press		
Columbia Daily Tribune	Obama	Kerry	Bush	Dole	Perot		18131					MO	Columbia	Columbia Daily Tribune		
Vista Press					Clinton							CA	Vista	Vista Press		
Bellingham Herald					Clinton							WA	Bellingham	Bellingham Herald		
Sacramento Union					GHWBush							CA	Sacramento	Sacramento Union		
Columbian	Obama	Bush	Bush		Clinton		44623					WA	Vancouver	Columbian		
Bloomfield Evening World					Clinton							IN	Bloomfield	Bloomfield Evening World		
Ridgecrest Daily Independent				Dole								CA	Ridgecrest	Ridgecrest Daily Independent		
Grand Island Independent				Dole	GHWBush							NE	Grand Island	Grand Island Independent		
Columbus Telegram					GHWBush							NE	Columbus	Columbus Telegram		
Daily Star	Obama	Kerry	Gore				14391					NY	Oneonta	Daily Star		
Greenfield Daily Reporter					GHWBush							IN	Greenfield	Greenfield Daily Reporter		
Houston Chronicle	Obama	Bush	Bush	Dole	GHWBush	9	494131	494131	632797			TX	Houston	Houston Chronicle		
Washington DC Examiner	McCain	none					100073					DC	Washington	Washington DC Examiner		
Lisbon Morning Journal					GHWBush							OH	Lisbon	Lisbon Morning Journal		
Milwaukee Journal					Clinton							WI	Milwaukee	Milwaukee Journal		
Des Moines Register	Obama	Kerry	Gore	Clinton	Clinton	77	138472	138519	222122			IA	Des Moines	Des Moines Register		
Ashland Daily Tidings	Obama			Clinton			5010					OR	Ashland	Ashland Daily Tidings		
Inland Valley Daily Bulletin	Obama	Bush		Dole			53903					CA	Ontario	Inland Valley Daily Bulletin		
Florence Times Daily	Obama						29200					AL	Florence	Florence Times Daily		
Star Tribune	Obama	Kerry	Gore	Clinton	Clinton		321964					MN	Minneapolis	Star Tribune		
Janesville Gazette					GHWBush							WI	Janesville	Janesville Gazette		
Milwaukee Sentinel					GHWBush							WI	Milwaukee	Milwaukee Sentinel		
Tri-City Herald	Obama	Kerry	Bush		Clinton		40830					WA	Kennewick	Tri-City Herald		
North Adams Transcript	Obama						5949					MA	North Adams	North Adams Transcript		
Tucson Daily Territorial					GHWBush							AZ	Tucson	Tucson Daily Territorial		
Fort Worth Star-Telegram	Obama	Bush	Bush	Dole	Clinton	45	207045	207045	289974			TX	Fort Worth	Fort Worth Star-Telegram		
Charleston Gazette	Obama	Kerry	Gore	Clinton	Clinton		48061					WV	Charleston	Charleston Gazette		
Columbus Dispatch	McCain	Bush	Bush	Dole	GHWBush	47	199524	199524	334422			OH	Columbus	Columbus Dispatch		
Cumberland Times-News				Dole								MD	Cumberland	Cumberland Times-News		
Rutland Herald			Gore									VT	Rutland	Rutland Herald		
Standard-Times	Obama	Kerry					30306					MA	New Bedford	Standard-Times		
Anderson Independent-Mail					Clinton							SC	Anderson	Anderson Independent-Mail		
Pantagraph	Obama	Bush	Bush				47764					IL	Bloomington	Pantagraph		
Southbridge News					Clinton							MA	Southbridge	Southbridge News		
Hickory Daily Record			Bush									NC	Hickory	Hickory Daily Record		
Whittier Daily News			Bush									CA	Whittier	Whittier Daily News		
News-Herald	McCain	Bush					36948					OH	Willoughby	News-Herald		
Bartlesville Examiner-Enterprise	McCain						18400					OK	Bartlesville	Bartlesville Examiner-Enterprise		
Moberly Monitor-Index				Clinton	Clinton							MO	Moberly	Moberly Monitor-Index		
North Platte Telegraph			Bush									NE	North Platte	North Platte Telegraph		
Daily Item	Obama	none			Clinton		24879					PA	Sunbury	Daily Item		
Lincoln Journal-Star	McCain	Bush	Bush		Clinton		78350					NE	Lincoln	Lincoln Journal-Star		
Battle Creek Enquirer	Obama											MI	Battle Creek	Battle Creek Enquirer		
Palm Beach Post	Obama	Kerry	Gore	Clinton	Clinton	62	164474	164474	195608			FL	West Palm Beach	Palm Beach Post		
Jacksonville Journal-Courier				Dole	GHWBush							IL	Jacksonville	Jacksonville Journal-Courier		
Cincinnati Enquirer	McCain	Bush	Bush	Dole	GHWBush	43	212369	212369	279825			OH	Cincinnati	Cincinnati Enquirer		
Washington Times			Bush	Dole	GHWBush							DC	Washington	Washington Times		
Sioux City Journal	McCain	Bush			GHWBush		41096					IA	Sioux City	Sioux City Journal		
Post and Courier			Bush			99	100400	100400	110289			SC	Charleston	Post and Courier		
Morning Star			Gore									NC	Wilmington	Morning Star		
Roanoke Times			Gore									VA	Roanoke	Roanoke Times		
Salt Lake Tribune	Obama	Bush				81	121699	121699	143296			UT	Salt Lake City	Salt Lake Tribune		
Rock Springs Daily Rocket-Miner					Clinton							WY	Rock Springs	Rock Springs Daily Rocket-Miner		
East Oregonian	Obama			Clinton								OR	Pendleton	East Oregonian		
World-Herald	McCain	Bush	Bush		GHWBush	54	178545	178545	219795			NE	Omaha	World-Herald		
Gainesville Daily Register				Dole	GHWBush							TX	Gainesville	Gainesville Daily Register		
St. Petersburg Times	Obama	Kerry	Gore		Clinton	20	316007	316007	432779			FL	Saint Petersburg	St. Petersburg Times		
Philadelphia Inquirer	Obama	Kerry	Gore	Clinton	Clinton	16	334150	334150	630665			PA	Philadelphia	Philadelphia Inquirer		
Athens Daily News				Dole	GHWBush							GA	Athens	Athens Daily News		
Las Vegas Sun	Obama	Kerry	Gore	Clinton	Clinton		174341					NV	Las Vegas	Las Vegas Sun		
Paris Post Intelligencer				Clinton								TN	Paris	Paris Post Intelligencer		
San Diego Union-Tribune	McCain	Bush	Bush		GHWBush	24	288669	288669	355537			CA	San Diego	San Diego Union-Tribune		
Journal	McCain	Bush					7920					MN	New Ulm	Journal		
Evansville Courier and Press			Bush	Dole								IN	Evansville	Evansville Courier and Press		
Galesburg Register-Mail	Obama						13344					IL	Galesburg	Galesburg Register-Mail		
Sun (Lowell)	McCain	Bush	Bush				44439					MA	Lowell	Sun (Lowell)		
Elk City Daily News				Clinton	Clinton							OK	Elk City	Elk City Daily News		
Woonsocket Call					GHWBush							RI	Woonsocket	Woonsocket Call		
Wilkes-Barre Citizens' Voice				Clinton	Clinton							PA	Wilkes-Barre	Wilkes-Barre Citizens' Voice		
Las Vegas Review-Journal	McCain	Bush	Bush	Dole		59	174341	174341	199602			NV	Las Vegas	Las Vegas Review-Journal		
Lamar Daily News					Clinton							CO	Lamar	Lamar Daily News		
St. Cloud Times	Obama	Kerry					25868					MN	Saint Cloud	St. Cloud Times		
Blade	Obama	Kerry	Gore			83	119901	119901	147141			OH	Toledo	Blade		
Red Wing Republican Eagle				Dole	Perot							MN	Red Wing	Red Wing Republican Eagle		
Capital Times	Obama	Kerry	Gore	Clinton	Clinton		16335					WI	Madison	Capital Times		
Southwest Times Record			Bush		Clinton							AR	Fort Smith	Southwest Times Record		
Kansas City Star	Obama	Kerry	Gore	Dole	Clinton	28	252785	252785	345332			MO	Kansas City	Kansas City Star		
Ottawa Herald				Clinton								KS	Ottawa	Ottawa Herald		
Key West Citizen				Clinton								FL	Key West	Key West Citizen		
Journal Star			Bush									IL	Peoria	Journal Star		
Syracuse Post-Standard	Obama					92	110061	110061	158529			NY	Syracuse	Syracuse Post-Standard		
Argus	Obama	Kerry					26749					CA	Fremont	Argus		
Daily Republic	McCain	Bush		Dole			12742					SD	Mitchell	Daily Republic		
Norfolk Daily News	McCain		Bush	Dole	GHWBush		16492					NE	Norfolk	Norfolk Daily News		
Durango Herald	Obama	Kerry					8870					CO	Durango	Durango Herald		
Birmingham Post-Herald			Bush		GHWBush							AL	Birmingham	Birmingham Post-Herald		
Casa Grande Dispatch				Dole	GHWBush							AZ	Casa Grande	Casa Grande Dispatch		
Annapolis Capital			Bush		GHWBush							MD	Annapolis	Annapolis Capital		
Seattle Post-Intelligencer	Obama	Kerry	Gore	Clinton	Clinton	79	129563	129563	0			WA	Seattle	Seattle Post-Intelligencer		
Selma Times-Journal				Dole								AL	Selma	Selma Times-Journal		
Flint Journal			Bush									MI	Flint	Flint Journal		
Duluth News-Tribune			Gore									MN	Duluth	Duluth News-Tribune		
Chippewa Herald	Obama	Bush					6720					WI	Chippewa Falls	Chippewa Herald		
San Bernardino Sun	Obama	Bush			Clinton		54315					CA	San Bernardino	San Bernardino Sun		
Longview News-Journal	Obama	Kerry	Gore		Clinton		27590					TX	Longview	Longview News-Journal		
Southwest News-Herald	Obama	Kerry					9300					IL	Chicago	Southwest News-Herald		
Idaho Press-Tribune			Bush									ID	Nampa	Idaho Press-Tribune		
Journal Times			Gore									WI	Racine	Journal Times		
Ouray County Plaindealer	Obama	Kerry					3000					CO	Montrose	Ouray County Plaindealer		
Norwich Bulletin	Obama	Kerry		Dole			22121					CT	Norwich	Norwich Bulletin		
Parkersburg News				Dole								WV	Parkersburg	Parkersburg News		
Shawnee News-Star			Bush									OK	Shawnee	Shawnee News-Star		
Benton Courier				Clinton	Clinton							AR	Benton	Benton Courier		
Green Bay Press Gazette	McCain		Bush				53600					WI	Green Bay	Green Bay Press Gazette		
Times (Munster)			Bush									IN	Munster	Times (Munster)		
Independence Examiner					Clinton							MO	Independence	Independence Examiner		
Harrison Daily Times				Clinton	GHWBush							AR	Harrison	Harrison Daily Times		
State	McCain	Bush	Bush	Dole		98	101010	101010	128564			SC	Columbia	State		
Stuart News			Bush									FL	Stuart	Stuart News		
Record-Journal			Gore									CT	Meriden	Record-Journal		
Wilmington Star-News	Obama	Kerry					47620					NC	Wilmington	Wilmington Star-News		
Cape Coral Daily Breeze	McCain						2015					FL	Cape Coral	Cape Coral Daily Breeze		
Foster's Daily Democrat	McCain	Bush	Bush	Dole	GHWBush		22547					NH	Dover	Foster's Daily Democrat		
York News-Times					GHWBush							NE	York	York News-Times		
West Plains Daily Quill				Clinton	GHWBush							MO	West Plains	West Plains Daily Quill		
Daily Herald	Obama	Kerry	Bush			72	143152	143152	141091			IL	Arlington Heights	Daily Herald		
Winston-Salem Journal			Bush									NC	Winston-Salem	Winston-Salem Journal		
Mercury	Obama											PA	Pottstown	Mercury		
Fargo Forum	McCain	Bush	Bush	Dole	GHWBush		48303					ND	Fargo	Fargo Forum		
Winchester Star	McCain	Bush			GHWBush		20218					VA	Winchester	Winchester Star		
Blue Springs Examiner					GHWBush							MO	Blue Springs	Blue Springs Examiner		
Macomb Daily			Gore									MI	Mount Clemens	Macomb Daily		
Herald-Standard	Obama			Clinton	Clinton							PA	Uniontown	Herald-Standard		
Greenwood Commonwealth					Clinton							MS	Greenwood	Greenwood Commonwealth		
Oshkosh Northwestern				Dole	GHWBush							WI	Oshkosh	Oshkosh Northwestern		
Asheboro Courier-Tribune				Dole	GHWBush							NC	Asheboro	Asheboro Courier-Tribune		
Russell Daily News				Dole								KS	Russell	Russell Daily News		
Murray Ledger Times				Dole								KY	Murray	Murray Ledger Times		
Virginian-Pilot			Gore			58	175005	175005	200012			VA	Norfolk	Virginian-Pilot		
Lodi News-Sentinel				Dole	GHWBush							CA	Lodi	Lodi News-Sentinel		
Oregonian	Obama	Kerry	Bush	Clinton	Clinton	23	304399	304399	361988			OR	Portland	Oregonian		
Gannett Suburban Newspapers					Clinton							NY	White Plains	Gannett Suburban Newspapers		
Morning Call		Kerry	Bush			94	108797	108797	140789			PA	Allentown	Morning Call		
News Journal (Mansfield)	Obama	Bush			GHWBush	91	28272	110171	125244			OH	Mansfield	News Journal (Mansfield)		
Edinburg Daily Review				Clinton	Clinton							TX	Edinburg	Edinburg Daily Review		
Huntsville Item					Clinton							TX	Huntsville	Huntsville Item		
Nevada Appeal					GHWBush							NV	Carson City	Nevada Appeal		
Vicksburg Post				Dole	GHWBush							MS	Vicksburg	Vicksburg Post		
Sumter Item			Bush	Dole								SC	Sumter	Sumter Item		
Observer-Reporter	Obama	Kerry					31755					PA	Washington	Observer-Reporter		
Cortez Journal	Obama	Kerry					6700					CO	Cortez	Cortez Journal		
Garden City Telegram					Clinton							KS	Garden City	Garden City Telegram		
Lubbock Avalanche-Journal	McCain	Bush	Bush	Dole	GHWBush		49094					TX	Lubbock	Lubbock Avalanche-Journal		
Winnemucca Humbolt Sun				Clinton								NV	Winnemucca	Winnemucca Humbolt Sun		
Springfield Union News				Clinton								MA	Springfield	Springfield Union News		
Vail Daily	Obama						10525					CO	Vail	Vail Daily		
Victorville Daily Press					GHWBush							CA	Victorville	Victorville Daily Press		
Observer-Dispatch			Bush		Clinton							NY	Utica	Observer-Dispatch		
Plain Dealer	Obama	none	Bush	Clinton	Clinton	17	330280	330280	428090			OH	Cleveland	Plain Dealer		
Pasadena Star-News	Obama	Bush	Bush				27894					CA	Pasadena	Pasadena Star-News		
Woodward News					Clinton							OK	Woodward	Woodward News		
Burlington County Times					Clinton							NJ	Burlington	Burlington County Times		
Bangor Daily News	Obama	Kerry	Bush				55627					ME	Bangor	Bangor Daily News		
Delaware County Daily Times	Obama		Bush	Dole	Clinton							PA	Philadelphia	Delaware County Daily Times		
Gunnison Country Times	Obama	none					4000					CO	Gunnison	Gunnison Country Times		
Livingston County Daily Press and Argus	Obama	Kerry					13131					MI	Howell	Livingston County Daily Press and Argus		
Wheeling News-Register	McCain	Bush					12821					WV	Wheeling	Wheeling News-Register		
Modesto Bee	Obama	Kerry	Gore	Clinton	Clinton		78001					CA	Modesto	Modesto Bee		
Hartford Courant	Obama	Bush	Bush	Clinton	Clinton	61	168158	168158	237933			CT	Hartford	Hartford Courant		
Hope Star					Clinton							AR	Hope	Hope Star		
Birmingham News	McCain	Bush	Bush			74	140438	140438	170151			AL	Birmingham	Birmingham News		
Douglas Daily Dispatch					Clinton							AZ	Douglas	Douglas Daily Dispatch		
Dallas Morning News	McCain	Bush	Bush	Dole	GHWBush	13	368313	368313	520215			TX	Dallas	Dallas Morning News		
Arkansas Times									0			AR	Little Rock	Arkansas Times		
Stuttgart Daily Leader					Clinton							AR	Stuttgart	Stuttgart Daily Leader		
Albuquerque Tribune			Bush	Dole	GHWBush							NM	Albuquerque	Albuquerque Tribune		
Alamogordo Daily News					GHWBush							NM	Alamogordo	Alamogordo Daily News		
Edmond Evening Sun				Dole	GHWBush							OK	Edmond	Edmond Evening Sun		
Chattanooga News-Free Press					GHWBush							TN	Chattanooga	Chattanooga News-Free Press		
Idaho Falls Post Register					Clinton							ID	Idaho Falls	Idaho Falls Post Register		
Beloit Daily News				Dole								WI	Beloit	Beloit Daily News		
Advertiser			Bush									LA	Lafayette	Advertiser		
Press Journal			Bush									FL	Vero Beach	Press Journal		
Marshalltown Times-Republican	McCain			Dole	GHWBush		9349					IA	Marshalltown	Marshalltown Times-Republican		
Seguin Gazette-Enterprise					Clinton							TX	Seguin	Seguin Gazette-Enterprise		
Chronicle (Centralia)	McCain			Dole	GHWBush		13912					WA	Centralia	Chronicle (Centralia)		
Waynesboro News-Virginian	McCain						7478					VA	Waynesboro	Waynesboro News-Virginian		
Stamford Advocate			Bush		Clinton							CT	Stamford	Stamford Advocate		
Amarillo Daily News				Dole	GHWBush							TX	Amarillo	Amarillo Daily News		
Montgomery Journal					GHWBush							MD	Rockville	Montgomery Journal		
Yakima Herald-Republic	Obama	Bush					38077					WA	Yakima	Yakima Herald-Republic		
Finger Lakes Times				Dole								NY	Waterloo	Finger Lakes Times		
Gadsden Times			Bush	Dole								AL	Gadsden	Gadsden Times		
San Mateo Daily Journal	Obama						14800					CA	San Mateo	San Mateo Daily Journal		
Centre Daily Times			Gore		Clinton							PA	State College	Centre Daily Times		
Seattle Times	Obama	Kerry	Bush	Clinton	Clinton	37	220883	220863	0			WA	Seattle	Seattle Times		
Virginia Gazette									0			VA	Williamsburg	Virginia Gazette		
Albany Herald				Dole								GA	Albany	Albany Herald		
Investor's Business Daily			Bush			65	161421	161421	0			CA	Los Angeles	Investorâ€™s Business Daily		
Times (Trenton)	Obama	Kerry	Gore	Clinton	Clinton		54745					NJ	Trenton	Times (Trenton)		
Clarksdale Press-Register				Dole								MS	Clarksdale	Clarksdale Press-Register		
Bristol Herald Courier	McCain	Bush			GHWBush		38068					VA	Bristol	Bristol Herald Courier		
Winter Haven News Chief				Dole	GHWBush							FL	Winter Haven	Winter Haven News Chief		
Holdrege Daily Citizen				Dole	GHWBush							NE	Holdrege	Holdrege Daily Citizen		
Arkansas Democrat-Gazette		Bush	Bush			52	182212	182212	274494			AR	Little Rock	Arkansas Democrat-Gazette		
Wichita Eagle			Bush	Dole	Clinton							KS	Wichita	Wichita Eagle		
Tennessean	Obama	Kerry	Gore	Clinton	Clinton	66	161131	161131	219044			TN	Nashville	Tennessean		
New Smyrna Beach Observer					GHWBush							FL	New Smyrna Beach	New Smyrna Beach Observer		
Washington Post	Obama	Kerry	Gore		Clinton	7	673180	673180	890163			DC	Washington	Washington Post		
Boston Herald	McCain	Bush	Bush	Dole		51	182350	182350	105629			MA	Boston	Boston Herald		
Greenville News	McCain	Bush		Dole	GHWBush		81010					SC	Greenville	Greenville News		
Press Democrat	Obama	Kerry	Gore				78022					CA	Santa Rosa	Press Democrat		
Wenatchee World	Obama						22579					WA	Wenatchee	Wenatchee World		
Bristol Press Register Citizen					Clinton							CT	Bristol	Bristol Press Register Citizen		
Fremont Tribune				Clinton								NE	Fremont	Fremont Tribune		
Atlanta Daily World					GHWBush							GA	Atlanta	Atlanta Daily World		
Denton Record-Chronicle					GHWBush							TX	Denton	Denton Record-Chronicle		
Jonesboro Sun				Clinton	Clinton							AR	Jonesboro	Jonesboro Sun		
Grand Rapids Press	McCain	Bush	Bush			80	128930	128930	177026			MI	Grand Rapids	Grand Rapids Press		
Warrensburg Daily Star-Journal				Dole								MO	Warrensburg	Warrensburg Daily Star-Journal		
Daily Courier	McCain	Bush					16178					OR	Grants Pass	Daily Courier		
Lake Sun Leader					Clinton							MO	Camdenton	Lake Sun Leader		
Norman Transcript					Clinton							OK	Norman	Norman Transcript		
North County Times	McCain		Bush				88786					CA	Escondido	North County Times		
Owensboro Messenger-Inquirer			Bush									KY	Owensboro	Owensboro Messenger-Inquirer		
Savannah Morning News			Bush	Dole	GHWBush							GA	Savannah	Savannah Morning News		
Jackson Sun	McCain	Kerry		Clinton	Clinton		32121					TN	Jackson	Jackson Sun		
Kenosha News	Obama											WI	Kenosha	Kenosha News		
Chanute Tribune				Dole	Clinton							KS	Chanute	Chanute Tribune		
Corpus Christi Caller-Times	McCain	Kerry	Bush	Dole			53368					TX	Corpus Christi	Corpus Christi Caller-Times		
Decatur Daily				Clinton	Clinton							AL	Decatur	Decatur Daily		
News Tribune	Obama	Kerry	Gore			90	111778	111778	125955			WA	Tacoma	News Tribune		
Harrisburg Patriot-News	Obama		Bush				95588					PA	Harrisburg	Harrisburg Patriot-News		
Trentonian					GHWBush							NJ	Trenton	Trentonian		
Olympian	Obama	Kerry			Clinton		30755					WA	Olympia	Olympian		
Lebanon Daily Record				Dole	GHWBush							MO	Lebanon	Lebanon Daily Record		
Atlanta Journal-Constitution	Obama	Kerry	Gore	Clinton	Clinton	18	326907	326907	497149			GA	Atlanta	Atlanta Journal-Constitution		
Times-Reporter	Obama	Bush					22428					OH	New Philadelphia	Times-Reporter		
Star-Gazette			Bush									NY	Elmira	Star-Gazette		
Journal and Courier	Obama		Bush									IN	Lafayette	Journal and Courier		
Daily Breeze	Obama	Bush			GHWBush		66599					CA	Torrance	Daily Breeze		
Herald-Journal	McCain	Bush	Bush				42380					SC	Spartanburg	Herald-Journal		
El Paso Times			Bush		Clinton							TX	El Paso	El Paso Times		
Indianapolis Star		Bush	Bush	Dole		26	255303	255303	324349			IN	Indianapolis	Indianapolis Star		
News-Times			Gore									CT	Danbury	News-Times		
Denver Post	Obama	Bush	Gore	Clinton	Clinton	36	225193	225193	0			CO	Denver	Denver Post		
Daily News (Los Angeles)	Obama	Kerry	Bush			78	137344	137344	145164			CA	Los Angeles	Daily News (Los Angeles)		
Detroit News	McCain	N/A	Bush	Dole	GHWBush	49	188171	188171	0			MI	Detroit	Detroit News		
Springfield News-Leader			Gore		Clinton							MO	Springfield	Springfield News-Leader		
Baltimore Examiner	McCain	none					50000					MD	Baltimore	Baltimore Examiner		
Florida Today	Obama	Kerry	Gore	Clinton			79499					FL	Melbourne	Florida Today		
Jamestown Sun				Clinton								ND	Jamestown	Jamestown Sun		
Huntsville Times			Gore									AL	Huntsville	Huntsville Times		
Merced Sun Star	Obama	Kerry					15015					CA	Merced	Merced Sun Star		
Sapulpa Daily Herald				Dole	GHWBush							OK	Sapulpa	Sapulpa Daily Herald		
St. Louis Post-Dispatch	Obama	Kerry	Gore	Clinton	Clinton	27	255057	255057	414564			MO	Saint Louis	St. Louis Post-Dispatch		
Newton Kansan				Dole	Clinton							KS	Newton	Newton Kansan		
Bend Bulletin	McCain	Bush	Bush				32455					OR	Bend	Bend Bulletin		
Staten Island Advance			Gore									NY	New York City	Staten Island Advance		
New Haven Register	Obama	Bush	Bush	Dole	GHWBush		72613					CT	New Haven	New Haven Register		
Corvallis Gazette-Times	Obama		Gore				12092					OR	Corvallis	Corvallis Gazette-Times		
Middletown Journal	Obama						17285					OH	Middletown	Middletown Journal		
Daily Mountain Eagle					Clinton							AL	Jasper	Daily Mountain Eagle		
Tribune			Bush									FL	Fort Pierce	Tribune		
Vindicator	Obama	Bush	Bush				56412					OH	Youngstown	Vindicator		
Times (Shreveport)	Obama		Gore	Clinton	Clinton		52267					LA	Shreveport	Times (Shreveport)		
Parsons Sun					Clinton							KS	Parsons	Parsons Sun		
Kingston Daily Freeman				Clinton	Clinton							NY	Kingston	Kingston Daily Freeman		
San Antonio Express-News	McCain	Bush	Bush	Dole	GHWBush	34	225447	225447	315959			TX	San Antonio	San Antonio Express-News		
Charlottesville Daily Progress					Clinton							VA	Charlottesville	Charlottesville Daily Progress		
Iola Register				Dole								KS	Iola	Iola Register		
Herald and Review	Obama		Bush									IL	Decatur	Herald and Review		
Asheville Citizen-Times	Obama	Kerry	Gore				50160					NC	Asheville	Asheville Citizen-Times		
Courier Post	Obama		Bush		Clinton							NJ	Cherry Hill	Courier Post		
Cincinnati Post			Bush	Dole	GHWBush							OH	Cincinnati	Cincinnati Post		
News and Record			Gore	Clinton	Clinton							NC	Greensboro	News and Record		
El Cajon					Clinton							CA	El Cajon	El Cajon		
Hawk Eye	Obama	Kerry	Gore				18921					IA	Burlington	Hawk Eye		
Herald			Gore		Clinton							WA	Everett	Herald		
Brunswick Times-Record	Obama	Kerry			Clinton		9317					ME	Brunswick	Brunswick Times-Record		
Walla Walla Union-Bulletin	Obama	Kerry	Bush				13624					WA	Walla Walla	Walla Walla Union-Bulletin		
Tyler Morning Telegraph	McCain						35598					TX	Tyler	Tyler Morning Telegraph		
Richmond County Daily Journal				Clinton	Clinton							NC	Rockingham	Richmond County Daily Journal		
Waycross Journal-Herald				Dole	Clinton							GA	Waycross	Waycross Journal-Herald		
Caledonian-Record				Dole	GHWBush							VT	Saint Johnsbury	Caledonian-Record		
Kearney Hub				Dole	GHWBush							NE	Kearney	Kearney Hub		
Huntington Herald-Press				Dole	GHWBush							IN	Huntington	Huntington Herald-Press		
San Gabriel Valley Tribune	Obama	Bush	Bush				40051					CA	San Gabriel	San Gabriel Valley Tribune		
Seminole Producer					Clinton							OK	Seminole	Seminole Producer		
Courier (Findlay)	McCain	Bush	Bush		GHWBush		22319					OH	Findlay	Courier (Findlay)		
Times-Picayune	Obama	none	Bush		GHWBush	53	179834	179834	199970			LA	New Orleans	Times-Picayune		
Kingsport Times-News				Dole								TN	Kingsport	Kingsport Times-News		
Courier-News				Clinton								NJ	Bound Brook	Courier-News		
Concord Monitor	Obama	Kerry	Gore	Clinton	Clinton		19885					NH	Concord	Concord Monitor		
Pueblo Chieftain	McCain	Bush			GHWBush		49169					CO	Pueblo	Pueblo Chieftain		
Burlington Free Press	Obama	Kerry			Clinton		41901					VT	Burlington	Burlington Free Press		
Times Herald-Record	Obama				Clinton		75745					NY	Middletown	Times Herald-Record		
Tryon Daily Bulletin				Dole								NC	Tryon	Tryon Daily Bulletin		
Great Falls Tribune			Gore	Clinton								MT	Great Falls	Great Falls Tribune		
Prescott Daily Courier				Dole	GHWBush							AZ	Prescott	Prescott Daily Courier		
Warren Tribune Chronicle	McCain		Bush									OH	Warren	Warren Tribune Chronicle		
Chattanooga Free Press	McCain	Bush	Bush	Dole			71716					TN	Chattanooga	Chattanooga Free Press		
York Daily Record	Obama	Bush	Gore		Clinton		47969					PA	York	York Daily Record		
Providence Journal	Obama	Bush	Bush			76	139055	139055	192849			RI	Providence	Providence Journal		
Tri-Valley Herald	Obama	Bush	Bush	Clinton			29759					CA	Pleasanton	Tri-Valley Herald		
Times-Union	Obama	Kerry	Gore				89256					NY	Albany	Times-Union		
Kitsap Sun	Obama		Bush	Dole	GHWBush							WA	Bremerton	Kitsap Sun		
Brattleboro Reformer	Obama	Kerry			Clinton		8814					VT	Brattleboro	Brattleboro Reformer		
Morristown Citizen Tribune					GHWBush							TN	Morristown	Morristown Citizen Tribune		
Storm Lake Times	Obama	Kerry					3200					IA	Storm Lake	Storm Lake Times		
Union Leader	McCain	Bush	Bush	Dole	GHWBush		51782					NH	Manchester	Union Leader		
Greeley Daily Tribune			Bush									CO	Greeley	Greeley Daily Tribune		
Columbus Ledger-Enquirer	Obama	Bush	Gore		Clinton		42830					GA	Columbus	Columbus Ledger-Enquirer		
Williston Daily Herald					GHWBush							ND	Williston	Williston Daily Herald		
Johnstown Tribune-Democrat					GHWBush							PA	Johnstown	Johnstown Tribune-Democrat		
Florida Times-Union					GHWBush	71	144391	144391	201352			FL	Jacksonville	Florida Times-Union		
Brookhaven Daily Leader				Dole	GHWBush							MS	Brookhaven	Brookhaven Daily Leader		
Skagit Valley Herald				Dole								WA	Mount Vernon	Skagit Valley Herald		
New Braunfels Herald-Zeitung	McCain						8599					TX	New Braunfels	New Braunfels Herald-Zeitung		
Times Observer	McCain											PA	Warren	Times Observer		
La Opinion	Obama	Kerry			Clinton	87	114892	114892	56027			CA	Los Angeles	La Opinion		
Tucson Citizen			Gore									AZ	Tucson	Tucson Citizen		
Pensacola News-Journal	Obama						57069					FL	Pensacola	Pensacola News-Journal		
Lansing State Journal	Obama	Kerry	Gore				58948					MI	Lansing	Lansing State Journal		
Carlsbad Current-Argus			Bush									NM	Carlsbad	Carlsbad Current-Argus		
Los Angeles Times	Obama	none				4	773884	773884	1101981			CA	Los Angeles	Los Angeles Times		
Portland Press Herald	Obama	Kerry	Gore				64938					ME	Portland	Portland Press Herald		
Lake City Reporter					Clinton							FL	Lake City	Lake City Reporter		
Journal Gazette	Obama	Kerry	Gore	Clinton			64304					IN	Fort Wayne	Journal Gazette		
Honolulu Star-Bulletin	Obama	Kerry					64305					HI	Honolulu	Honolulu Star-Bulletin		
Times-Standard			Bush									CA	Eureka	Times-Standard		
Daily Globe	McCain						9109					MN	Worthington	Daily Globe		
Daily Democrat	Obama						8883					CA	Woodland	Daily Democrat		
Daily Press	McCain	Kerry			GHWBush		91508					VA	Newport News	Daily Press		
Orange County Register						29	250724	250724	311982			CA	Anaheim	Orange County Register		
Anchorage Daily News	Obama	Kerry	Gore		Clinton		62893					AK	Anchorage	Anchorage Daily News		
News and Observer	Obama	Kerry	Gore		Clinton	56	176083	176083	211245			NC	Raleigh	News and Observer		
News Leader	Obama				GHWBush							VA	Staunton	News Leader		
Johnson City Press				Clinton								TN	Johnson City	Johnson City Press		
Rapid City Journal			Bush									SD	Rapid City	Rapid City Journal		
Billings Gazette	Obama	Kerry	Bush				45530					MT	Billings	Billings Gazette		
Canandaigua Daily Messenger				Clinton	Clinton							NY	Canandaigua	Canandaigua Daily Messenger		
Public Opinion	McCain	none					16679					PA	Chambersburg	Public Opinion		
Leaf-Chronicle	McCain	Bush					20354					TN	Clarksville	Leaf-Chronicle		
Portland Commercial Review					Clinton							IN	Portland	Portland Commercial Review		
Detroit Free Press	Obama	Kerry	Gore	Clinton	Clinton	22	308944	308944	606374			MI	Detroit	Detroit Free Press		
Antelope Valley Press				Dole	GHWBush							CA	Palmdale	Antelope Valley Press		
Augusta Chronicle			Bush	Dole	GHWBush							GA	Augusta	Augusta Chronicle		
Hamilton Journal-News	Obama	Bush					19432					OH	Hamilton	Hamilton Journal-News		
Telegram and Gazette	Obama		Bush									MA	Worcester	Telegram and Gazette		
Times-News	McCain											ID	Twin Falls	Times-News		
Muskegon Chronicle	Obama	Kerry					41114					MI	Muskegon	Muskegon Chronicle		
Mail Tribune	Obama	Kerry					30349					OR	Medford	Mail Tribune		
Reno Gazette-Journal	Obama	Kerry	Gore	Clinton			57423					NV	Reno	Reno Gazette-Journal		
Eagle-Tribune	McCain	Bush	Bush	Dole			46281					MA	Lawrence	Eagle-Tribune		
Democrat and Chronicle						70		145913	199533					Democrat and Chronicle		
Waterbury Republican-American			Bush									CT	Waterbury	Waterbury Republican-American		
Idaho Statesman	Obama	Kerry		Dole			61927					ID	Boise	Idaho Statesman		
Newsday			Gore		Clinton	11	379613	379613	441728			NY	Melville	Newsday		
Muscatine Journal				Dole								IA	Muscatine	Muscatine Journal		
Hereford Brand				Dole								TX	Hereford	Hereford Brand		
Syracuse Herald-American			Bush		Perot							NY	Syracuse	Syracuse Herald-American		
Boulder Camera	Obama	Kerry	Bush		Clinton		28994					CO	Boulder	Boulder Camera		
Times West Virginian	Obama											WV	Fairmont	Times West Virginian		
Mount Airy News				Dole	GHWBush							NC	Mount Airy	Mount Airy News		
Amarillo Globe Times				Dole								TX	Amarillo	Amarillo Globe Times		
Vallejo Times-Herald				Clinton								CA	Vallejo	Vallejo Times-Herald		
Lexington Dispatch				Clinton								NC	Lexington	Lexington Dispatch		
Salinas Californian				Clinton								CA	Salinas	Salinas Californian		
Press of Atlantic City			Bush									NJ	Atlantic City	Press of Atlantic City		
Dominion Post			Bush									WV	Morgantown	Dominion Post		
Potomac News					Clinton							VA	Woodbridge	Potomac News		
Philadelphia Daily News	Obama	Kerry	Gore	Clinton	Clinton	96	107269	107269	0			PA	Philadelphia	Philadelphia Daily News		
Lafayette Journal and Courier	Obama											IN		Lafayette Journal and Courier		
Austin American-Statesman	Obama	Bush	Bush			60	170309	170309	206505			TX	Austin	Austin American-Statesman		
Pittsburgh Post-Gazette	Obama	Kerry	Gore			42	214374	214374	331053			PA	Pittsburgh	Pittsburgh Post-Gazette		
Richmond Times-Dispatch	McCain	Bush	Bush	Dole		57	175265	175265	205895			VA	Richmond	Richmond Times-Dispatch		
St. Paul Pioneer Press		Bush	Bush	Clinton	Clinton	48	191768	191768	252055			MN	Saint Paul	St. Paul Pioneer Press		
Athens Messenger					Clinton							OH	Athens	Athens Messenger		
Pierre Capital Journal				Dole								SD	Pierre	Pierre Capital Journal		
Mesa Tribune				Clinton								AZ	Mesa	Mesa Tribune		
New York Post	McCain	Bush	Bush	Dole	GHWBush	6	702488	702488	401315			NY	New York City	New York Post		
Washington Daily News					Clinton							NC	Washington	Washington Daily News		
Home News Tribune			Gore		Clinton							NJ	East Brunswick	Home News Tribune		
Daily Comet			Bush									LA	Thibodaux	Daily Comet		
Tribune-Review			Bush			67	150911	150911	192423			PA	Greensburg	Tribune-Review		
Macon Telegraph	Obama	Kerry					56510					GA	Macon	Macon Telegraph		
Beaumont Enterprise	McCain	Bush	Bush		GHWBush		45684					TX	Beaumont	Beaumont Enterprise		
Victoria Advocate				Dole	GHWBush							TX	Victoria	Victoria Advocate		
Norton Daily Telegram Tiller and Toiler					GHWBush							KS	Norton	Norton Daily Telegram Tiller and Toiler		
Erie Times-News	Obama	Bush	Bush				55397					PA	Erie	Erie Times-News		
Register Citizen	McCain	Bush					8217					CT	Torrington	Register Citizen		
Willmar West Central Tribune				Dole	GHWBush							MN	Willmar	Willmar West Central Tribune		
Greenwich Time			Bush		Clinton							CT	Old Greenwich	Greenwich Time		
USA Today						1	2284219	2284219	0			""	""	USA Today		
Cedar Rapids Gazette				Dole								IA	Cedar Rapids	Cedar Rapids Gazette		
Clarion-Ledger			Gore	Dole								MS	Jackson	Clarion-Ledger		
Anniston Star			Gore	Clinton								AL	Anniston	Anniston Star		
Reporter	Obama	Bush					17751					CA	Vacaville	Reporter		
Oakland Tribune	Obama	Kerry		Clinton	Clinton		96535					CA	Oakland	Oakland Tribune		
Joplin Globe			Bush	Dole	GHWBush							MO	Joplin	Joplin Globe		
Keene Sentinel	Obama	Kerry	Gore				12119					NH	Keene	Keene Sentinel		
San Pedro News-Pilot					GHWBush							CA	Rancho Palos Verdes	San Pedro News-Pilot		
Mountain Valley News	McCain						2000					CO	Cedaredge	Mountain Valley News		
Post-Star	Obama	Kerry					30265					NY	Glens Falls	Post-Star		
Daily News	Obama	Bush	Gore	Clinton	Clinton	5	703137	703137	704157			NY	New York City	Daily News		
Spokesman-Review (Spokane)	McCain	Bush	Bush	Dole	Clinton		89779					WA	Spokane	Spokesman-Review (Spokane)		
San Francisco Examiner	McCain	Bush	Gore	Clinton	Clinton		80000					CA	San Francisco	San Francisco Examiner		
Lufkin Daily News	Obama	Kerry			Clinton		12225					TX	Lufkin	Lufkin Daily News		
Recorder	Obama						13578					MA	Greenfield	Recorder		
Aurora Sentinel	Obama	Kerry					46000					CO	Aurora	Aurora Sentinel		
Stevens Point Journal	Obama						11234					WI	Stevens Point	Stevens Point Journal		
Charleston Daily Mail			Bush	Dole	GHWBush							WV	Charleston	Charleston Daily Mail		
Riverside Press-Enterprise	McCain	Bush	Bush			63	164189	164189	172730			CA	Riverside	Riverside Press-Enterprise		
Record (Bergen)	Obama	Kerry	Gore	Clinton	Clinton	64	163329	163329	195525			NJ	Bergen	Record (Bergen)		
Las Cruces Sun-News	Obama	Bush	Bush				21341					NM	Las Cruces	Las Cruces Sun-News		
Sikeston Standard Democrat				Dole								MO	Sikeston	Sikeston Standard Democrat		
Daily World			Bush									LA	Opelousas	Daily World		
Montgomery Advertiser	Obama		Bush									AL	Montgomery	Montgomery Advertiser		
South Florida Sun-Sentinel	Obama	Kerry	Gore			39	218286	218286	303399			FL	Fort Lauderdale	South Florida Sun-Sentinel		
Poughkeepsie Journal	Obama	Bush	Bush				37265					NY	Poughkeepsie	Poughkeepsie Journal		
Argus Leader	McCain	Bush					48960					SD	Sioux Falls	Argus Leader		
Durham Herald-Sun	Obama	none					32845					NC	Durham	Durham Herald-Sun		
Carlisle Sentinel					GHWBush							PA	Carlisle	Carlisle Sentinel		
Salina Journal					Clinton							KS	Salina	Salina Journal		
Sentinel	McCain	Bush					11863					PA	Lewistown	Sentinel		
Record Searchlight			Bush		GHWBush							CA	Redding	Record Searchlight		
McCook Daily Gazette	McCain				Perot		5903					NE	McCook	McCook Daily Gazette		
Boston Globe	Obama	Kerry	Gore	Clinton	Clinton	14	350605	350605	525959			MA	Boston	Boston Globe		
Times-Leader	Obama	Kerry		Clinton	GHWBush		38229					PA	Wilkes-Barre	Times-Leader		
Plainview Daily Herald					GHWBush							TX	Plainview	Plainview Daily Herald		
York Dispatch			Bush									PA	York	York Dispatch		
Wisconsin State Journal	Obama	Bush	Bush				87930					WI	Madison	Wisconsin State Journal		
Ledger Independent	Obama						9074					KY	Maysville	Ledger Independent		
Lake County News-Sun	Obama	Bush					16899					IL	Waukegan	Lake County News-Sun		
Rocky Mountain News		Bush	Bush	Dole	GHWBush	35	225226	225226	0			CO	Denver	Rocky Mountain News		
Palestine Herald-Press				Clinton	Clinton							TX	Palestine	Palestine Herald-Press		
Monroe Evening-News				Dole								MI	Monroe	Monroe Evening-News		
Alexandria Daily Town Talk			Bush									LA	Alexandria	Alexandria Daily Town Talk		
Tampa Tribune	McCain	N/A	Bush	Dole		38	220522	220522	0			FL	Tampa	Tampa Tribune		
Naples Daily-News	Obama	Bush	Bush	Dole	GHWBush		66272					FL	Naples	Naples Daily-News		
Opelika-Auburn News				Dole								AL	Auburn	Opelika-Auburn News		
Hernando Today				Dole								FL	Hernando	Hernando Today		
Roswell Daily Record	McCain						11700					NM	Roswell	Roswell Daily Record		
Day	Obama	Kerry	Bush	Dole			34730					CT	New London	Day		
Journal News	Obama		Bush			95	108092	108092	125829			NY	West Nyack	Journal News		
Fairfield Daily Republic				Dole	GHWBush							CA	Fairfield	Fairfield Daily Republic		
El Paso Herald-Post				Dole	GHWBush							TX	El Paso	El Paso Herald-Post		
San Mateo County Times	Obama	Kerry		Clinton			25982					CA	San Mateo	San Mateo County Times		
Nashua Telegraph	Obama	Kerry					24272					NH	Nashua	Nashua Telegraph		
News-Gazette	McCain	Bush	Bush				42302					IL	Champaign	News-Gazette		
Leesburg Daily Commercial				Clinton								FL	Leesburg	Leesburg Daily Commercial		
Ada Evening News					Clinton							OK	Ada	Ada Evening News		
Daily Astorian	Obama	Kerry		Clinton	Clinton		8263					OR	Astoria	Daily Astorian		
Daily Times	Obama	Bush			GHWBush		17485					NM	Farmington	Daily Times		
Abilene Reporter-News			Bush	Dole	GHWBush							TX	Abilene	Abilene Reporter-News		
Pocono Record	Obama				Clinton							PA	Stroudsburg	Pocono Record		
Fresno Bee	Obama	Kerry	Gore		Clinton	68	150334	150334	171039			CA	Fresno	Fresno Bee		
Chattanooga Times	Obama	Kerry	Gore		Clinton		71716					TN	Chattanooga	Chattanooga Times		
Santa Cruz Sentinel	Obama	Kerry					23290					CA	Santa Cruz	Santa Cruz Sentinel		
Times Herald Record			Bush									TX	Wichita Falls	Times Herald Record		
Maine Sunday Telegram			Gore	Clinton								ME	Portland	Maine Sunday Telegram		
Express-Times	Obama	Bush			Clinton		44561					PA	Easton	Express-Times		
Topeka Capital-Journal				Dole	GHWBush							KS	Topeka	Topeka Capital-Journal		
Minot Daily News					Clinton							ND	Minot	Minot Daily News		
Bakersfield Californian	McCain	Bush					59433					CA	Bakersfield	Bakersfield Californian		
Falls Church News-Press	Obama	Kerry					30500					VA	Falls Church	Falls Church News-Press		
Monterey County Herald	Obama	Kerry					28933					CA	Monterey	Monterey County Herald		
Miami Herald	Obama	Kerry	Gore			30	240223	240223	311245			FL	Miami	Miami Herald		
Lancaster New Era	McCain						40068					PA	Lancaster	Lancaster New Era		
Big Spring Herald				Dole	GHWBush							TX	Big Spring	Big Spring Herald		
Muncie Star-Press	Obama						31512					IN	Muncie	Muncie Star-Press		
Arizona Republic	McCain	Bush	Bush		GHWBush	10	413332	413332	515523			AZ	Phoenix	Arizona Republic		
Yamhill Valley News-Register	Obama	Bush					10921					OR	McMinnville	Yamhill Valley News-Register		
